filename,samples,x_mean,x_std,x_range,x_rms,y_mean,y_std,y_range,y_rms,z_mean,z_std,z_range,z_rms,mag_mean,mag_std,mag_range,mag_rms,xyz_total_variation,activity_label,activity_name
1_20260921020139.csv,18211,-0.8696702705727308,0.06427132861515296,0.49799395999999985,0.8720419618344083,-0.2451573917907858,0.08320003889891492,0.46686933799999997,0.2588906974428432,9.559514113832298,0.025210224313095404,0.593762400000001,9.559547355809732,9.602700828972528,0.02374897138054645,0.6051426443572065,9.60273019637599,389.5508493980002,0,no_activity
2_20260921015953.csv,4712,-0.3588624814834465,0.014385691316724325,0.15562310000000001,0.35915070476210553,-0.34350697070033953,0.02114855273780967,0.12210429,0.34415737708587313,9.659942414134125,0.01708283643780285,0.174776099999999,9.659957518938072,9.672741167279993,0.01706187061369521,0.17699930554945809,9.672756215093086,98.32503894999996,0,no_activity
2_20260921020149.csv,4917,-1.0306144627638802,0.011181458708394707,0.09097971000000005,1.030675116550763,-0.45480970387634734,0.011902754054474805,0.07900867,0.45496542977919996,9.547259821496848,0.01120504067051865,0.08140280000000111,9.547266396833413,9.613503969938332,0.011036768342979252,0.08076544239175476,9.613510305308646,97.30277609000008,0,no_activity
3_20260921020003.csv,5254,-0.3483873335325466,0.013181736519753521,0.14844050999999997,0.34863661933823603,-0.32027984352303007,0.015903016373200237,0.20590136000000003,0.3206744207087664,9.665153011438905,0.019697643295841685,0.25139140000000104,9.665173083379207,9.676753434760114,0.019831060908876288,0.2527407690401837,9.676773755137527,113.3246656799999,0,no_activity
3_20260921020159.csv,5079,-1.0262654176432369,0.013180429643969533,0.17477675000000015,1.0263500529429745,-0.44952727946249266,0.013676463223185149,0.19153616,0.4497352783885706,9.535790147824375,0.014567564249259177,0.18674760000000035,9.535801275051435,9.601403237563886,0.014767490429476794,0.19610425571180912,9.601414594166625,102.44794915999998,0,no_activity
4_20260921020209.csv,5018,-1.035437834268633,0.011579787509114127,0.09097970000000011,1.0355025833447606,-0.46370982456556403,0.012514209976181,0.12449852,0.46387865530756434,9.532362662295736,0.01084607507692393,0.1029511000000003,9.532368832712802,9.599655698709661,0.010725486896828347,0.09603236609605759,9.599661690384616,99.71373802000014,0,no_activity
5_20260921020219.csv,4986,-1.0376578640794225,0.010843845829922519,0.0742202999999999,1.0377145233050622,-0.46348210712394705,0.011690375267044771,0.08858543000000002,0.4636295164222596,9.5331064607501,0.010652708585530992,0.09337429999999891,9.533112412648636,9.600621086507289,0.01052548731923267,0.09071735470258879,9.600626856230363,98.46398336000013,0,no_activity
6_20260921020229.csv,4972,-1.0376625184593724,0.010786797060438356,0.07661450999999997,1.0377185828567737,-0.4671500666492357,0.010811061741091416,0.07900863000000002,0.46727514788008473,9.533507445756236,0.009983453176608894,0.07661539999999967,9.53351267307213,9.601196354142376,0.009918561521540303,0.0756181082953109,9.601201477349568,98.22697264000018,0,no_activity
7_20260921020239.csv,5031,-1.0315563756171735,0.013617572933508142,0.1699883000000001,1.031646254473421,-0.4590447510971974,0.015505154885091408,0.12210425000000003,0.4593065352658272,9.541469733015305,0.016606051351227728,0.16280649999999852,9.541484183657627,9.608064163641354,0.016731468744100628,0.17056262825815693,9.60807873170779,102.59397440000006,0,no_activity
8_20260921020249.csv,4987,-1.0135236047403249,0.016956788505604878,0.21787234,1.0136654428568856,-0.45212965265289756,0.0184655918130713,0.18914195,0.45250657552022017,9.543191840525365,0.02359481487519695,0.26336279999999945,9.543221008672015,9.607536489240633,0.024282899332539482,0.2760773164584318,9.607567176517176,108.42622434000006,0,no_activity
9_20260921020259.csv,4997,-1.0288316243646187,0.014088973332752507,0.12449849999999996,1.0289280880908591,-0.4716797739123474,0.013926233271566871,0.11731585999999994,0.47188531349379503,9.543201267500502,0.012109677983558645,0.14844040000000014,9.543208950679222,9.610101759019834,0.01224814930392192,0.14653039662206346,9.610109564197355,99.59642567000009,0,no_activity
10_20260921020309.csv,5052,-1.0341164582798892,0.011289623938555092,0.0909797,1.0341780818089386,-0.4797341369061758,0.011881193594103022,0.08379703999999999,0.479881240385925,9.542571860510689,0.011412398866022539,0.08140280000000111,9.542578684813572,9.61043657335635,0.011275421114727015,0.08048595237676537,9.610443187784144,100.39855150000005,0,no_activity
11_20260921020319.csv,4939,-1.0344080692832558,0.010793907289260996,0.07900871000000009,1.0344643842263888,-0.48314980624215426,0.011165766265574065,0.07422020999999995,0.4832788114620055,9.542298970378619,0.010564541670357185,0.07900810000000114,9.542304818524167,9.610366568834806,0.010518274235834815,0.07833279330249354,9.610372324809823,96.42409060000006,0,no_activity
12_20260921020329.csv,5010,-1.0352900790399202,0.010641018124406544,0.07900870999999998,1.0353447633639763,-0.48731992308183636,0.011485162818954063,0.09337390000000001,0.487455245532823,9.543093800379241,0.010532002540312283,0.09816170000000035,9.543099612071238,9.61146155784326,0.01040785463517612,0.09540434893585115,9.611467192959507,97.48956818000019,0,no_activity
13_20260921020339.csv,5012,-1.0353699354469272,0.011133983608514397,0.08619131000000013,1.0354297990778367,-0.48918575436951317,0.011517512435850936,0.08140287000000002,0.48932132118964494,9.54601413555467,0.010938254736021898,0.08858489999999897,9.546020402326103,9.614465074869162,0.010819886159083579,0.08734911295351111,9.614471163086161,98.67229077000016,0,no_activity
14_20260921020349.csv,4949,-1.0367531877328753,0.011153994277591707,0.07900870999999998,1.0368131865782877,-0.4925655126469994,0.01207918538153414,0.08379707000000003,0.49271359933401754,9.54540402198424,0.010654593485313606,0.0742206999999997,9.545409968318555,9.614181466035458,0.010699357309413206,0.07248090232465287,9.614187419543397,97.29083468000022,0,no_activity
15_20260921020359.csv,5066,-1.0369752551204103,0.011861397724097288,0.10534489999999985,1.0370430909504242,-0.4934281416660087,0.012433680513532344,0.10295069000000001,0.49358477225202496,9.545890916699568,0.01075519810408049,0.09576800000000141,9.545896975549942,9.614734483950503,0.010685075276997436,0.09565969456165035,9.614740421233464,100.30510476000016,0,no_activity
16_20260921020409.csv,4952,-1.0368817564943456,0.011404629858831374,0.08858551000000003,1.0369444741802796,-0.4950002295718901,0.011976874595970568,0.0909797,0.4951451027742389,9.54739776496365,0.010451070560853157,0.07661440000000042,9.54740348510048,9.616300076680627,0.010423908828497322,0.07886353211724284,9.616305726350587,97.1759034900001,0,no_activity
17_20260921020419.csv,5008,-1.0338113114976037,0.013110351152619723,0.1340753,1.033894438077573,-0.4911847216533546,0.014503231630085175,0.11013329,0.4913987937646971,9.547906379952076,0.014350038345262684,0.22026639999999986,9.54791716365041,9.616283938206655,0.014692423895187006,0.22502037753511672,9.61629516225096,99.54617781000015,0,no_activity
18_20260921020429.csv,5054,-1.0368243410585676,0.011117201958682705,0.09337390000000001,1.0368839406562929,-0.4992417352730511,0.010882818904595037,0.08140287000000002,0.49936033681676945,9.548770938899882,0.010145013017755805,0.07900810000000114,9.548776328141113,9.617874795611614,0.010140669780940493,0.07755127393590477,9.61788014155119,97.93959655000012,0,no_activity
19_20260921020439.csv,4744,-1.0300896206913996,0.014167961386516877,0.18195934999999996,1.0301870499021046,-0.48566361112352446,0.015299011491071834,0.14365208000000002,0.48590452037632453,9.55406257841484,0.01745851161189701,0.13886459999999978,9.554078529711514,9.621719725709069,0.017737883292518616,0.14421258281741878,9.621736075813068,99.69693087999998,0,no_activity
20_20260921020449.csv,5200,-1.0224456583326922,0.013770491307366912,0.11731590000000003,1.0225383859172323,-0.4799297005346155,0.015888951111196353,0.18435353000000004,0.48019264490687447,9.5535551395,0.017940500493683332,0.17477699999999885,9.553571984604755,9.620112745799958,0.018388855833893963,0.17755309080263437,9.620130320942733,109.59939788000013,0,no_activity
21_20260921020459.csv,4947,-1.0219049886234082,0.015643175945711213,0.1867477500000001,1.0220247133641516,-0.4780335607357995,0.016507592384140905,0.14844051000000003,0.47831849827919914,9.55427737893673,0.020663404125319418,0.18195920000000143,9.55429972368107,9.620681536789965,0.021285631866447816,0.18697795382989746,9.620705083851977,108.76137302000001,0,no_activity
22_20260921020509.csv,4919,-1.0217069371945515,0.013596341957574086,0.20111295000000007,1.0217973996962897,-0.4770530842000406,0.014580628944543123,0.12689271000000002,0.47727585302965986,9.553977566456597,0.01813698248850287,0.1963252999999998,9.553994781791003,9.62030831237531,0.018612663526777817,0.20515561514959835,9.620326317563297,103.71675596000004,0,no_activity
23_20260921020519.csv,5136,-1.0156659335981308,0.015748117177049957,0.16280574999999997,1.015788015220885,-0.47566019060552966,0.01629358707928754,0.14844051000000003,0.47593917458725654,9.553907768827882,0.0210798813128843,0.18674760000000035,9.553931024278222,9.619535524738648,0.021856228637036693,0.1990157039119982,9.619560354113856,111.33997954999998,0,no_activity
24_20260921020529.csv,4976,-1.0201040814127815,0.01491258331024159,0.11252754999999992,1.0202130767913138,-0.4802664660389872,0.016094769119520926,0.11971008,0.48053607564322187,9.552080224055466,0.014144386193593126,0.13886459999999978,9.552090696305825,9.618418709003823,0.014417031183541488,0.1415452773368706,9.61842951382932,99.0074268700001,0,no_activity
25_20260921020539.csv,5063,-1.031234151672921,0.01114456984232274,0.07422030999999996,1.0312943697187238,-0.495010536209757,0.01121048877632132,0.07900867,0.4951374617389349,9.554990992415565,0.009937188185846272,0.06703759999999903,9.55499615975075,9.623231468212582,0.009844038069966629,0.06674288092863456,9.623236503166822,98.81590654000007,0,no_activity
26_20260921020549.csv,4959,-1.0284575880177456,0.011420411563584065,0.08858551000000003,1.0285209945118088,-0.49021508917322043,0.011831357055271993,0.08619127000000004,0.4903578434805318,9.556111253337367,0.010935595003216196,0.08379650000000005,9.5561175104432,9.62380238805127,0.010757320866847456,0.07622290693870859,9.62380840022356,97.63315275000014,0,no_activity
27_20260921020559.csv,4985,-1.0272157698555668,0.011932182807785201,0.09337390000000012,1.027285069893709,-0.4899367546138415,0.011087060280400225,0.07900867,0.49006218628578635,9.553146959939818,0.010109263183849769,0.0718260000000015,9.55315230881459,9.620711711671794,0.010037806755256236,0.07225334329884348,9.620716948162608,97.26685038000021,0,no_activity
28_20260921020609.csv,5018,-1.0290405628098847,0.011363534375969021,0.09097970000000011,1.0291033037657575,-0.48955078842168187,0.011333833696154464,0.07661446999999999,0.4896819684555911,9.554694856835393,0.01043678985037391,0.0742206999999997,9.554700556993875,9.622423646050724,0.010389889080885924,0.07276359376731989,9.622429255332108,97.59241628000004,0,no_activity
29_20260921020619.csv,4976,-1.0290298918709808,0.011484287727268502,0.08858549999999998,1.029093973954082,-0.4926565549477491,0.011555156439065302,0.07900867,0.49279204820422573,9.5577433522709,0.010707776066721391,0.07182599999999972,9.557749350362087,9.625608469796445,0.010613224381851406,0.0733478833859671,9.625614320880969,97.26205135999994,0,no_activity
30_20260921020629.csv,5022,-1.0276955668518517,0.012904470283964747,0.15562314999999993,1.0277765824731846,-0.4888915024711271,0.015622638592894615,0.11492168000000003,0.4891410512572833,9.55824871017523,0.011777021057527785,0.10773849999999996,9.558255965592856,9.62578350782077,0.011516764408097615,0.11234440302182414,9.625790397432137,98.80151868999995,0,no_activity
31_20260921020639.csv,4985,-1.0283045680682046,0.011840692939287037,0.10773911000000003,1.0283727372500786,-0.4909866481664995,0.01323526063785807,0.1005565,0.49116500364126714,9.556197708064193,0.010424427692949125,0.06464289999999906,9.556203393832932,9.623913415066033,0.010364899287436325,0.06600507821611501,9.623918996532815,97.94439353000013,0,no_activity
32_20260921020649.csv,5038,-1.0258317669908694,0.011830537392629866,0.10055650000000005,1.025899983323232,-0.4900828208177848,0.012223655869934364,0.10534489000000002,0.4902352384555231,9.555327487971416,0.010653131885939308,0.09337329999999966,9.555333426500676,9.622737990101461,0.01057498299741978,0.09484497282061,9.622743800829745,97.97314647000006,0,no_activity
33_20260921020659.csv,4943,0.18664553480888124,1.483638330526456,7.266401999999999,1.495332488602927,-1.402686997853874,6.246393961826358,23.368007,6.401950354406781,6.644147523962937,3.436476748018061,17.2723697,7.480245233937964,9.843149313610633,1.5124377480011082,13.437315266395228,9.958667398382785,802.1416619793999,1,tilt
34_20260921020709.csv,5060,-0.30394012103565227,1.2611361550740643,6.4930748000000005,1.2972447721267413,-1.3481180261122527,7.143009880641075,21.045631,7.269113588826689,5.889584063523518,2.9460246127654974,19.49179406,6.585306481883003,9.86215695629744,0.791819421180945,13.038055106910823,9.893892956081812,676.2254978849999,1,tilt
35_20260921020719.csv,4979,0.02945411390610564,1.0156679100450907,7.3645647,1.0160949012377518,-1.649294038084776,7.508995033948983,22.71439,7.687989154774639,5.080800934113978,3.480669291992896,14.1165127,6.1587009062233085,9.861271940212884,0.9069391742226477,8.01086474878666,9.902889625991477,666.1557853856,1,tilt
36_20260921020729.csv,4961,-0.07903809418681718,0.8562713375849975,6.5672953,0.8599114046820666,-0.6217574908112476,7.388396683055265,22.824524,7.41451198148347,5.3903680744090705,3.687049325430141,20.174142699999997,6.530727425468269,9.882340041913608,0.8391612176563796,11.344659228797887,9.917904831829535,747.1501477212,1,tilt
37_20260921020739.csv,5057,0.017111651908305315,1.0690424712246034,6.8210804,1.0691794114707962,-1.3398259451524817,7.689104924574751,23.245902,7.804964324353023,4.9472893044496935,3.445623879141122,15.0909518,6.028929870087215,9.880581861971468,0.8847090853194303,7.933258431458493,9.920111294575596,739.7472458954,1,tilt
38_20260921020749.csv,4963,0.4166050866070522,0.7106852605274938,4.3885716,0.8237920476175411,-1.830709525171912,7.1522652324527805,21.294628,7.382844663197783,5.715912226296091,3.1690799387160973,13.096582100000001,6.5356499475334475,9.877308049469768,0.5818372549086249,4.461917764343501,9.89443019558579,528.6170038457999,1,tilt
39_20260921020759.csv,5011,0.050738347836439796,0.9939946835727933,6.0812724,0.9952888077900549,-0.16265450054933145,7.367082088171739,20.964229000000003,7.368877457280031,5.507753149536699,3.2863558271595337,12.27776501,6.4136946745956696,9.804753506114837,0.5415190251391517,3.874425097021268,9.819696236150017,482.83356044500005,1,tilt
40_20260921020809.csv,4968,-0.20506906252455723,1.2277651754674666,6.7612254,1.2447733313721658,-0.7042104825748187,7.095070802037786,20.961834,7.129932825048029,5.751989046921557,3.515750395493115,14.6049298,6.741355860605163,9.8636985123114,0.7339844914806857,4.83305099748451,9.890969698442529,571.0904285428,1,tilt
41_20260921020819.csv,5042,-0.3755154830014677,1.1646630396590854,6.3733649,1.2237041611115678,0.4040529331387743,7.440360889336794,20.506936,7.451323972043536,5.189920335907359,3.7891812006967966,15.8618858,6.425975977606729,9.874343707850185,0.9001024465529579,5.940535012806872,9.915283559992178,727.880131252,1,tilt
42_20260921020829.csv,4995,0.25494197943233227,1.0011738788458597,7.0605008,1.033123685025244,0.2967695121251252,7.133099370923901,21.263504,7.139270185306194,5.713240193485485,3.472526831370626,16.589722599999998,6.6857726631292955,9.80426203615332,0.7826399918556478,7.073532090304549,9.83545013867739,616.2905764172,1,tilt
43_20260921020839.csv,4972,-0.14741097983252213,0.8197187771451192,5.3486467,0.8328678590145461,-0.8925302374209573,7.445738509428845,21.301811999999998,7.499042083859938,5.413329712129907,3.383298240067082,12.4309947,6.383638895917397,9.860841220897596,0.666300994895077,5.652574631219006,9.883326696995873,660.9990013338,1,tilt
44_20260921020849.csv,4942,0.07608300280511938,0.9231654303046419,6.9000895,0.9262953281893407,-1.072054562109308,7.663155605619716,21.684883,7.737781001041594,5.007116777231606,3.5660935309135366,12.61055956,6.147214124467896,9.89905035118206,0.7268572706698304,4.591402284327586,9.925699942430422,645.8466859364,1,tilt
45_20260921020859.csv,5088,0.2452329797662736,0.8427196325911135,4.7524905,0.8776762464141017,-0.8712771431488602,7.576252081188082,21.404761999999998,7.626186429525598,5.3353686779102,3.312055595812182,13.45571239,6.279798659111296,9.879550267722337,0.8714314418951483,9.89529304014801,9.917908360656291,638.8203260252001,1,tilt
46_20260921020909.csv,4987,0.14212782121499898,0.7553550985127974,4.5920789,0.7686102018660698,-0.9045034897330659,7.494042768832093,22.204425,7.548430537802139,5.3432941486269305,3.429393104646031,13.340790400000001,6.3491361164291105,9.867618366771358,0.7149842090127184,7.968076053604027,9.893487486795594,654.101894818,1,tilt
47_20260921020919.csv,4958,0.10916024139455426,0.8713144294902644,5.8753709999999995,0.8781257275238337,-0.6671664157063132,7.3939808194458765,21.608269,7.424019355078482,5.3903569838383225,3.643279946940498,14.0590517,6.506107683169202,9.872846306153704,0.8622709423259408,6.3605589288172855,9.910429121027631,692.5042801328,1,tilt
48_20260921020929.csv,5054,0.6736385420604077,0.9390466281892322,5.6311624,1.1556805160868802,0.5178579172906608,6.670890664175302,20.1549891,6.690960997934589,6.142828153890107,3.7315919006831746,17.0805341,7.187427623389971,9.835955029691139,1.0087918648103198,6.513967961891839,9.887551384069459,688.661288383,1,tilt
49_20260921020939.csv,4988,0.5190996962859463,0.931155414027171,5.8729768,1.0660745282372492,-0.3358796085325582,7.290216797436699,21.390396,7.297950127608176,5.589047515765718,3.5910159108218997,14.5498633,6.643255783519326,9.884560472573373,0.9082415064923415,5.856943348443243,9.926199593503823,641.855251581,1,tilt
50_20260921020949.csv,5023,0.2785152964737209,0.8955248389485981,4.8817772999999995,0.9378355439754655,-1.2956475980591282,7.335161803258977,20.973805,7.448711390458479,5.597646077024487,3.263953332287597,13.142072800000001,6.4797401922437405,9.881039306007777,0.8455365621887438,7.634290137300766,9.91715028850872,608.9460166124,1,tilt
51_20260921020959.csv,4992,-0.6631132970748198,1.5660373208152991,9.270648,1.7006446233542734,-0.7770224095416065,7.276048214939433,21.294628,7.317420409615205,5.702966686796595,3.480246089413488,14.9065989,6.6810135364022125,9.97823976393718,1.2278056332210916,7.5347486936136985,10.05349568357129,764.9947353386,1,tilt
52_20260921021009.csv,4844,-0.4017073458777457,1.9912838603937246,9.5723176,2.031398583340226,-0.40155739174498334,7.348978528931949,20.6936844,7.359941151773418,4.675909532767589,4.485680346432728,17.6698078,6.47961867157317,9.942280539523507,1.1965908926514093,7.056463497954598,10.014028764236906,695.5545139814001,1,tilt
53_20260921021019.csv,5132,-0.5419405242393609,1.1193922755047239,5.7772088,1.243679459616696,-0.022371815094894654,7.072769895679384,21.780651,7.072805277634838,5.863369345815998,3.4471521725144676,16.5035315,6.801614380860322,9.846391160193818,0.9390699654416833,6.218450575510963,9.891070279779514,669.1264048276,1,tilt
54_20260921021029.csv,5004,-0.47064627596386893,0.952925594477052,7.0078285000000005,1.0628147090100426,-0.07179710668834949,7.29492508362316,21.878814,7.295278390863722,5.121213644197343,4.154866943375233,23.614909700000002,6.5946757696391165,9.8501309561665,0.9029565653601339,14.533849845710673,9.891431160987603,624.0046712886,1,tilt
55_20260921021039.csv,5015,-1.0788497238271384,1.104376552864441,5.7317191,1.5438796252035452,-0.2871462421542371,7.598668756292082,21.213225,7.604092308239871,4.631180023050867,4.215787145119634,18.5029885,6.262642386314373,9.920454995617066,1.0055080646862988,6.932249581637182,9.971282454539775,663.846902353,1,tilt
56_20260921021049.csv,5025,-0.33111261584262686,0.6721463061460519,4.0892964,0.7492771324656379,-0.9669973435458509,7.5334192214837925,21.194072,7.595228043254936,5.299630738496995,3.60480965974784,14.0710227,6.409425765810346,9.916849208256663,0.9928472583508877,5.877646446810207,9.96642583365349,561.0294013036,1,tilt
57_20260921021059.csv,4960,-0.09701633575752015,0.8462540546919497,4.5465889,0.8517969796180197,-0.549011693510363,7.531575447536692,22.668900999999998,7.55155894908784,5.2515813230815125,3.6944107400598702,14.767735,6.420886006557684,9.901400473763756,0.9703846780499851,7.394105154232122,9.948838010805247,566.690495536,1,tilt
58_20260921021109.csv,5057,-0.3095389851238086,0.9272371179815998,5.602432,0.9775392863073589,0.5088215989162151,7.301201228855538,21.110276,7.318909673152503,5.42076867060526,3.773463934010492,16.5660793,6.604828767007776,9.869104783362356,0.8640345343487728,5.415256279696411,9.906855449714255,518.5706015523999,1,tilt
59_20260921021119.csv,4963,-0.41135163805355635,0.7904292070298206,4.498704999999999,0.89106032425147,-0.28015916228770915,7.130617260354553,20.679318,7.136118809961057,5.816797150369757,3.622730753108952,14.6336593,6.852686130129635,9.889339707875022,0.9372553076150633,6.700934993417458,9.933654280747152,524.1140858077999,1,tilt
60_20260921021129.csv,4997,-0.042985432037342404,0.8271836961755381,5.8083332,0.8282998337474552,-0.1526564112864118,7.317079822482342,22.628199000000002,7.318672086416023,5.708934658128678,3.595718034397911,14.6049303,6.746934349293549,9.933039550289124,1.0511375405437484,7.3618300887938295,9.988501631213177,568.3882946798,1,tilt
61_20260921021139.csv,5003,-0.07888806041666997,1.0511477377773768,7.714118,1.054103833932313,-0.6894124788956624,7.228579986262125,20.710444000000003,7.261381286218649,5.549328185699661,3.92519615786981,16.8650564,6.797220622457138,9.940562863948044,1.1073442169492285,8.025808791076146,10.002049853250773,609.6451793886,1,tilt
62_20260921021149.csv,4905,0.14447506289653417,1.0196157761293079,5.7963624,1.0298006480531698,0.25853069784077454,7.139830936715392,21.277867999999998,7.144510055042559,5.504976496541142,4.227770471826209,19.6282645,6.941095690877341,9.899992166385513,1.5078056230019823,12.385465250877216,10.01415611478326,731.4016685958,1,tilt
63_20260921021159.csv,5108,0.05552551373983945,1.1262395182600922,7.347804699999999,1.1276074384140953,0.059559105451683705,7.198275644346892,20.748751,7.198522038518731,5.332786482140427,4.429239444684425,19.290681,6.932299309929431,9.993958055338195,1.1259636693941353,7.659543117205861,10.057186077459972,622.9646986298001,1,tilt
64_20260921021209.csv,5014,-0.36282756384716797,1.134804550182791,6.291962099999999,1.191396327089704,0.8112055194170525,7.210210123207582,21.550808,7.255700132691385,5.509883242734882,3.945595993190844,17.2289751,6.776912356675,9.91182158625323,1.321719923463143,7.461413015025846,9.99955752590058,619.7271211626,1,tilt
65_20260921021219.csv,4950,-0.2601520222089495,1.0336572394595764,7.060500899999999,1.0658922850582033,0.7854382399829899,6.886416007518596,20.595520999999998,6.93106331362194,5.610891850162989,4.186489530648343,16.788441499999998,7.000628682086606,9.837953721642968,1.1828920221421102,6.662326060643084,9.908812591084574,554.104475042,1,tilt
66_20260921021229.csv,4993,-0.5069521913993591,1.0260379124628294,6.301539200000001,1.144444984337689,-0.5656283525030045,7.261082611363313,20.2148433,7.2830801260317,5.819579614915842,3.6382709234789674,17.346290800000002,6.863273432333621,9.994094766349132,1.2552300397070715,8.953654673152407,10.072613000177766,611.7688005836,1,tilt
67_20260921021239.csv,4937,-0.49529180865637024,1.1153151572725744,6.6056027,1.220344982275113,0.6351734795270608,6.542955400361524,20.401592,6.5737136171432455,6.0646308716520965,4.309998626283661,16.4963491,7.440150251706125,9.930666847915289,1.2002684364997422,6.196695978242466,10.002938986315037,600.6139279878,1,tilt
69_20260921021259.csv,4901,-1.0488148900467458,9.88813500757843,40.032251,9.943602295027787,8.558819078163927,2.7759177067793774,15.555726466,8.997727664669235,-1.3672754149727604,2.4060023697772035,14.308348200000001,2.7673614624335676,13.183775529735765,3.6987405930314794,17.862484519218274,13.692794426011018,1936.8203015456,2,side_to_side_wave
70_20260921021309.csv,5047,0.1391015928095106,11.537917057138898,43.944672999999995,11.538755533875344,7.789689587279573,1.3055695699906196,11.3320555,7.898340064105702,-1.3470289549973844,3.293282024314106,19.944298699999997,3.5581165660039527,13.62031354475715,4.761712662327788,21.3022093874116,14.428681455215091,2189.477981414,2,side_to_side_wave
71_20260921021319.csv,5073,0.5814992914092254,11.050734989202548,40.714597,11.066023912295458,7.935419487364479,0.8597839797492439,5.032611899999999,7.981861370149032,-1.4914186412502464,2.4088663912004686,12.3591681,2.8331902255450303,13.296632854718023,4.170553649184883,18.792116628444038,13.935349404083707,1921.292980665,2,side_to_side_wave
72_20260921021329.csv,4992,0.21586598017489989,10.753525360344657,41.339783,10.755691786071809,8.134624498096956,0.8657681246786836,5.2433017,8.180566616729479,-1.7809045975588742,2.710411186933709,13.446136500000001,3.243138909738794,13.258162873640225,4.164810100306032,20.117148448296735,13.896925053967266,1956.5990997959998,2,side_to_side_wave
73_20260921021339.csv,4912,0.7748071386313721,10.31610607860697,36.050692999999995,10.345161706186415,8.05930746791531,0.6468429081137254,3.4404673,8.08522372047753,-1.8667781263599756,2.5327826297089207,12.8739219,3.146402457158222,12.95513283262036,3.8023144331961265,15.468969780142881,13.501594785792143,1772.69507879,2,side_to_side_wave
74_20260921021349.csv,4931,0.36751567431555465,11.285665926476517,44.646175,11.291648381653614,7.7492579923950515,1.1813496421453313,8.9977093,7.838787304787361,-1.905708869884121,2.6860797441451987,11.9401832,3.2934405549003234,13.471142854030946,4.28053390122649,20.396883634502007,14.134873903691476,1987.3687641320003,2,side_to_side_wave
75_20260921021359.csv,5113,-0.008860299137961885,11.553566160223989,45.067555999999996,11.553569557655058,7.504097219088598,1.9036524773241128,8.5691473,7.741793579523769,-1.5498409081963231,2.021289041613355,10.1756568,2.5470799419070143,13.458718601270304,4.332533576767163,20.311325495941997,14.138880916889928,2140.088323086,2,side_to_side_wave
76_20260921021409.csv,4847,0.2131792907008871,12.499231411078135,50.507181,12.501049207073223,7.203004654219104,2.2822504167057964,11.4182467,7.555921056579129,-1.2105863864478852,2.338881626307025,13.314454999999999,2.633607157669789,13.926665620016536,5.133424360025276,25.286666500315267,14.84264332765062,2288.834676928,2,side_to_side_wave
77_20260921021419.csv,5183,-0.3198976565297316,12.770551496442325,52.949265999999994,12.77455752791221,7.5978320495568195,2.6969469589628208,17.25082186,8.062293392871013,-1.5793851209141232,2.8564656268044097,18.6418524,3.264024086504269,14.44769577923278,5.4870606607444605,25.863582858703015,15.454570457439123,2672.1128518279997,2,side_to_side_wave
78_20260921021429.csv,4926,-0.13618207055637432,8.719937906932186,36.4601,8.721001241663362,9.86595981447422,2.786633943106178,12.402563299999999,10.251950633596108,-2.1832187507971783,2.919991668653619,12.9816611,3.6459286140623957,13.392296861643477,3.8855546166845714,17.732432649919467,13.94457421040974,1652.65098268,2,side_to_side_wave
79_20260921021439.csv,4987,-0.7358965065940244,9.256059327305065,34.975697,9.28526671340185,9.651235949809504,2.6175117994219774,13.044209,9.999886168302549,-2.5437133415037496,2.48234108550255,10.8460329,3.554222112997181,13.654223945305546,3.5225792536123004,17.187711493425855,14.101290584430036,1763.7970104602,2,side_to_side_wave
80_20260921021449.csv,5050,0.015370720073663118,9.627502133510239,37.693113,9.62751440350934,9.790753137742573,2.9194534437892425,14.1479362,10.216753663207747,-1.382523118387802,2.5452276964131046,13.3817916,2.896472716851497,13.751863894522977,4.0431278276143034,20.68581813141804,14.333898395199885,2034.3145594142,2,side_to_side_wave
81_20260921021459.csv,5087,0.19295620885598547,13.739498605995852,63.24254,13.74085346849671,7.410785301690583,1.3975982696356797,7.817367600000001,7.541420271476842,-1.6675759576302538,3.057819867430411,22.745514999999997,3.4829688365126947,14.862254336928686,6.076885854967403,31.3937510298999,16.056623109167706,2706.082090834,2,side_to_side_wave
82_20260921021509.csv,4990,0.7097317063957314,13.666794310500514,58.020483,13.685210477760018,6.959600083246493,1.2790879685411802,7.364863400000001,7.076164169236847,-2.2889161416085773,2.4470196428807336,14.3562317,3.3506778770810617,14.613469400184657,5.91866872669954,30.505613789750882,15.766550903940418,2456.69993693,2,side_to_side_wave
83_20260921021519.csv,4913,0.99567608083104,12.507700556259413,48.053124,12.547268390490064,7.597356141766741,1.138054120433702,5.2337248999999995,7.68212129075537,-2.8486923173626093,2.5655649895823776,12.375928199999999,3.8336890373074834,14.172516858005423,5.503259864225173,20.925397853159517,15.203489836995965,2343.394040004,2,side_to_side_wave
84_20260921021529.csv,5053,0.9093353196885413,11.179166811313241,42.500671,11.216089395096693,8.043207200079161,0.9898507321364312,6.7327952,8.10388712503551,-1.7976767872099546,1.737313511742418,11.971307800000002,2.4999800137913657,13.32180448843925,4.5003414420766905,19.71373785784048,14.061420551404934,2087.5915604284,2,side_to_side_wave
85_20260921021539.csv,4901,1.091850442199143,10.893234540528947,40.230968,10.947816957873538,8.183704635706999,0.7682153697103803,3.7445313999999996,8.219682257773197,-1.3669069561814324,1.419706488899203,8.593089299999999,1.9707869345719975,13.161928659746456,4.2503538275159425,17.40409831621049,13.831192056483582,1918.622245568,2,side_to_side_wave
86_20260921021549.csv,5089,-0.04807363677392397,10.60267842208917,42.445906,10.602787406941061,8.327354434446846,0.8857639012204711,5.7412961000000005,8.374330395058871,-1.7625539869408136,1.7586924903592664,12.007220700000001,2.489898759493453,13.055181388078537,4.279058905798049,19.590722123035757,13.738562741237596,1971.6131113003999,2,side_to_side_wave
87_20260921021559.csv,4953,-0.03220244652644856,10.518518436133325,39.333143,10.518567729916414,8.27632416375934,0.8765150272753254,5.061342000000001,8.322608981363125,-1.3932756625748839,1.9151255569889554,11.6241484,2.368316484542498,12.978588009534551,4.131738568112314,20.90021605087708,13.620389506782132,1919.0678921406002,2,side_to_side_wave
88_20260921021609.csv,5040,0.596602645024643,10.872002523280164,39.582139999999995,10.888359545049047,7.815956015912698,0.8837629475924724,4.917690299999999,7.865761589968211,-1.8484528064170038,1.834384628630443,12.383410000000001,2.6041783240220986,13.054459135913302,4.097489522202126,17.938540466379777,13.682409280378454,2005.5970370803998,2,side_to_side_wave
89_20260921021619.csv,4990,0.8832863231716633,11.484233216702652,43.980587,11.518151210342685,7.553849472525051,1.071599390548684,6.289867399999999,7.629480133494764,-1.7423330258591982,1.9729955420568595,11.7800708,2.632192200804476,13.38919233244617,4.305199052128782,22.2106894208809,14.064324021924618,2137.835986916,2,side_to_side_wave
90_20260921021629.csv,4969,1.0532013932694908,11.464101890646683,44.43788,11.512378786936852,7.8748570305695305,1.0743666950101105,7.728782,7.947807059010512,-1.4433953138337692,2.3147394450262158,21.105487,2.7278945599779987,13.562401773033917,4.382370278551883,22.954593714668594,14.252856243978906,2221.1239629780002,2,side_to_side_wave
91_20260921021639.csv,5085,0.7167937889620255,10.68107235822721,38.705861999999996,10.705096919579006,7.955368957738447,0.9690560016767078,4.9607862,8.014172745089423,-2.02021933426234,2.0422948271463426,12.6132531,2.8726737231220816,13.10017558632385,3.932393517021743,18.21077065359426,13.677657663694838,2061.818879982,2,side_to_side_wave
92_20260921021649.csv,5019,1.4092781459036063,12.306531214288546,45.038525,12.386959894210518,7.029585962980673,1.4857524135815974,8.6625208,7.184882674435155,-2.518913540707332,2.724621859176547,17.8852846,3.710591556754989,13.949883044920314,4.9222522487459415,22.263563452663302,14.792829484829458,2468.1660690056,2,side_to_side_wave
93_20260921021659.csv,4994,0.8742455228279334,11.976079664157975,42.907985,12.007946925117668,6.8713532522827405,1.0856770534309037,5.588366499999999,6.956593288528731,-2.7616481373879855,2.608118397671252,12.3687451,3.798549987957219,13.60105012674131,4.693122308157527,20.79786329738421,14.387979759141158,2288.708987838,2,side_to_side_wave
94_20260921021709.csv,4961,0.5991581406236244,10.89647767254616,40.745722,10.912938016216005,7.260439459363032,0.8960971552532357,4.714482299999999,7.315529458264021,-2.994410174167688,1.7870440329476347,8.6577327,3.4871218313750827,12.99002198938084,4.0035652589605855,17.08085331768007,13.592983707315842,1914.343523986,2,side_to_side_wave
95_20260921021719.csv,5002,0.18570445658996415,11.829652722636112,42.62038,11.831110247283192,6.9710409768092765,0.9010530549325949,4.357446700000001,7.029033284041084,-3.907183830783846,2.104337689393303,11.068693699999999,4.437828590486554,13.637629856551774,4.8053983274806935,19.25400605812002,14.45948827552575,2185.08912036,2,side_to_side_wave
96_20260921021729.csv,4974,0.3635276286077604,11.99597247159357,45.407532,12.001479403639866,6.896798597969441,0.9027100328333073,5.6338559,6.955624796115095,-3.0499369176587656,2.269110517242294,11.4757078,3.8014441652031987,13.58974195510469,4.710213956408759,20.79011657524496,14.382878777264326,2210.4012329282,2,side_to_side_wave
97_20260921021739.csv,5013,0.7860939616205268,11.188157645408065,42.299559,11.215739619614894,7.19116683357271,0.8942146817512698,5.763142599999999,7.2465509261534695,-3.4006711634348097,1.8409313214940732,10.1158016,3.866987521608387,13.230253442027687,4.2684074187364605,19.190344061708323,13.901759170429111,2041.02103872,2,side_to_side_wave
98_20260921021749.csv,4987,0.6610596411359937,11.361604139509218,42.254069,11.380819323407776,7.626105593503107,1.082481172351142,5.6961051,7.702548410218147,-3.140323608122799,1.9764469673156362,11.50204401,3.7105221975275358,13.49703976478826,4.5221889666261115,20.340278086909755,14.234474892392429,2156.72950037,2,side_to_side_wave
99_20260921021759.csv,4986,0.7069208845816285,13.228600822811128,53.713316000000006,13.247475867739368,6.618716698154834,1.3285224070700943,7.4319007,6.7507319985702985,-3.1459507215815283,3.155574175506142,17.2244847,4.45585618256925,14.547407773472134,5.412539216940702,25.80709336211813,15.52168333985069,2713.65701776,2,side_to_side_wave
100_20260921021809.csv,5024,0.5828196019423167,13.300567145381331,54.48185599999999,13.313330352590425,6.921506837639331,1.4157155979564113,7.4654205000000005,7.0648076801697215,-2.0263401012147293,2.5438112304484983,15.6730433,3.2522345828594257,14.398305015925654,5.51562463237914,24.89586217304873,15.418602479373332,2623.0290381140003,2,side_to_side_wave
101_20260921021819.csv,4889,0.5056503578628961,12.208251740277731,47.507245999999995,12.218718952427096,7.672463533831049,1.066216517820431,5.3821653,7.746193538818944,-1.7278408016650235,2.0314338279300794,10.4222593,2.666862807336944,13.819773956936192,5.042480757681355,23.2600537636433,14.710974284947905,2266.318407321,2,side_to_side_wave
102_20260921021829.csv,5001,0.8374671941240552,12.170625685382905,51.440919,12.199404939378649,7.737753201619676,1.2525151361503732,8.0304524,7.838470435962703,-1.6875428454890622,2.172634206957991,15.205874300000001,2.751025309335648,13.904138424193029,4.950775149800462,27.261356943585476,14.759242524703048,2344.5199065254,2,side_to_side_wave
103_20260921021839.csv,5148,-0.29953913950541955,13.86954692037186,55.556553,13.872781100864103,7.167878237956488,1.5271915925797754,7.8221566000000005,7.328764738659344,-3.5484791600937453,2.1278972379763292,10.9657433,4.137589999626219,15.013669037006203,6.154205157399039,29.49138736506194,16.22604385154051,2814.572640802,2,side_to_side_wave
104_20260921021849.csv,4923,-0.6059029926968922,11.493012112746825,46.520834,11.508972406792202,7.828204414970547,1.266259152991681,6.8716583,7.929955649630051,-3.616293520193175,1.807594654082071,11.3105086,4.042892189714837,13.764505132245768,4.714235694939414,23.523503119294997,14.549419910190958,2196.616909884,2,side_to_side_wave
105_20260921021859.csv,5049,-0.04547726451479491,12.357102903907032,48.508024,12.357186587542301,7.520469339077046,1.2236053701623621,6.622661900000001,7.619361468121072,-3.6828121835751633,1.6935203811280877,10.8675808,4.053531406167453,14.133301907780998,5.237902594123277,22.46742707457809,15.072685440956079,2460.9137245800002,2,side_to_side_wave
106_20260921021909.csv,4932,-0.8598215048681872,13.85939444168158,52.891806,13.886040015438098,6.7121095113949725,2.080261866216228,11.9641252,7.027083571795077,-4.0647150406087595,3.0393383265206633,19.9993651,5.075380362535254,15.051476602475585,6.435413642096277,27.272527740210414,16.369529518582652,2839.9278263799997,2,side_to_side_wave
107_20260921021919.csv,5088,-0.1999672003514543,15.653633591873962,62.780159,15.654910779364451,6.44200870788129,2.122825792832451,10.893917100000001,6.782762382623549,-3.0156533863621067,3.252624139556435,20.8232706,4.435507765735788,15.965262033810154,7.4743718385344575,30.59809761709461,17.628267815894358,3372.266930814,2,side_to_side_wave
108_20260921021929.csv,4863,-0.7692944797264236,13.601479415252536,56.394525,13.623217545061665,7.767641743512234,1.4233401454050474,8.7822307,7.8969712817684385,-2.5437675490248197,2.350456800511716,15.517419799999999,3.463437672969374,14.835749413081052,6.312697646170004,29.981076766648965,16.1229529621498,2736.066146818,2,side_to_side_wave
109_20260921021939.csv,5084,0.10085327074486629,12.614711926840176,52.43212,12.615115075946937,7.801038732828482,1.241818896327028,6.8429281,7.899260692138541,-2.835760496681471,1.9027275409360545,11.8276559,3.4149538341792716,14.256198915040656,5.47376927227647,23.90220073991032,15.270931783991585,2576.985821234,2,side_to_side_wave
110_20260921021949.csv,5049,-0.6327637702759361,14.480497119008078,56.579176000000004,14.494315672103152,7.056546221271539,1.5883664675766533,8.1286141,7.233101175032987,-2.6773409455935235,2.513957718845544,16.8892979,3.6726200390313606,15.329720486415841,6.394587333854767,28.198301437345584,16.60996921616453,3003.498811834,2,side_to_side_wave
111_20260921021959.csv,4891,0.10269111361427122,13.13022519970456,47.399508,13.130626765686854,7.647564539787365,1.126060141381114,6.534076499999999,7.730022951597258,-2.15892022872568,1.608169932046647,9.0144686,2.6920525783015194,14.478737201543012,5.457099066810735,25.74600252141325,15.473001039757355,2556.80449168,2,side_to_side_wave
112_20260921022009.csv,4995,0.45957708272512504,12.622936782236655,42.536585,12.631300174697346,7.676800565905906,1.1219339883043944,6.3305689,7.758350520748972,-1.5039046776800402,1.7979300650154064,12.9652009,2.3439884381613765,14.161282606429983,4.969316215051414,20.987526005567148,15.007865561243186,2463.420460356,2,side_to_side_wave
113_20260921022019.csv,5114,0.7926732965815994,13.515480898108418,47.91905,13.538705804553368,7.229878181677748,1.3197497416378172,8.1645264,7.349345406391852,-2.05517900482323,2.076028456285719,14.078504500000001,2.9212420120856586,14.65196894006025,5.582373494973625,24.286643048461567,15.679384160670162,2837.4462405932,2,side_to_side_wave
114_20260921022029.csv,4998,0.43768538343137237,14.326105051115594,52.343534000000005,14.332789485318942,7.249281805482193,1.4209656450898314,7.510910000000001,7.387234263228745,-2.2374945999562623,1.996439712414336,13.1253128,2.9986919832050893,15.252716735617451,6.028836561347787,27.508768537994996,16.400982839465094,2908.514825462,2,side_to_side_wave
115_20260921022039.csv,4985,1.4595337632479237,13.858186163400026,49.800892000000005,13.934832706046834,7.300083201484454,1.476893695396781,8.0663643,7.447981588061175,-2.1815083389419456,2.0617656356008323,14.0255322,3.0016422453413316,15.058665632219185,5.647870202797623,26.254816356738253,16.08296765061189,2819.253008104,2,side_to_side_wave
116_20260921022049.csv,4985,1.5140782626063995,12.85806684092372,47.820888999999994,12.946903717528732,7.402745521404213,1.259941911603642,7.463025699999999,7.509200681516346,-2.6974429550299903,1.9417096378585956,13.8746981,3.3236177297327503,14.441938885340653,5.146576220335645,24.64895315635519,15.331563702363786,2583.672827334,2,side_to_side_wave
117_20260921022059.csv,4856,0.7492795552578252,12.218656357487394,44.808981,12.241608678367989,7.7854918166598015,0.9916608170637897,4.783614699999999,7.848393084152727,-2.5007013941193574,1.515823518609807,9.2706484,2.9242483482291846,14.004643647613799,4.8862502743046665,20.907103378091964,14.832581887176351,2390.80015666,2,side_to_side_wave
118_20260921022109.csv,5173,0.4713320175847478,12.224360373223579,50.289309,12.233443521970395,7.704933096075779,1.0308646701715756,5.3968295,7.77358835951659,-3.073831293087493,1.4740649413460296,8.66491541,3.409003706314999,14.04523075776643,4.943542820610796,22.08536372350857,14.889832861994142,2478.8989763,2,side_to_side_wave
119_20260921022119.csv,4947,0.21558123629347078,13.273531101797074,50.593372,13.275281661035146,7.198579215969273,1.2581750314827684,6.4,7.30770464225474,-3.2724758357055794,1.7895433093542787,11.2985379,3.7298208202716108,14.65993406483427,5.351032319496013,24.348014327228753,15.605999284556535,2577.49730547,2,side_to_side_wave
120_20260921022129.csv,4998,0.6699580502404161,13.485017933419606,51.773714,13.501649990046783,7.3187110107843125,1.4538018297237063,8.6122428,7.461706950791055,-1.9370097707080831,2.3519347446080294,17.753604000000003,3.0469007031265423,14.700881431687517,5.5802609347047625,25.56934729729729,15.724351400548349,2722.2064312840002,2,side_to_side_wave
121_20260921022139.csv,5047,-0.07092229697780857,13.076735342704207,49.087419999999995,13.07692766651777,6.952963706736675,1.2298138429456376,6.9363019,7.060888499013289,-2.8955440155878542,2.406093514740496,14.2290398,3.7647657494036606,14.342181030516699,5.41640914505228,25.95977947579118,15.330872275859548,2800.9421406399997,2,side_to_side_wave
122_20260921022149.csv,4975,-0.6489496950641608,12.570854896045267,49.652452,12.58759423099383,7.189551176100502,1.403609288490623,8.6218191,7.325282598542207,-3.5582818755789747,3.755022222898922,23.3754884,5.173157817091857,14.21978778839507,6.05528618037194,30.893399753958423,15.455382734607158,3037.321098682,2,side_to_side_wave
123_20260921022159.csv,4996,0.7409617043154123,13.243699696621462,58.001334,13.264411253484015,7.360014801981586,1.6264854413512757,11.2291054,7.537590647966741,-3.2834963160770614,3.51279098069423,28.580483200000003,4.80843514375918,14.902552970812007,5.813333137000638,31.258048716830608,15.9962785425113,3184.335263278,2,side_to_side_wave
124_20260921022209.csv,4997,1.135230952021873,11.650040731634776,44.138306,11.705220987370458,7.806842052971783,1.0505941724341041,6.2850787,7.877215939353268,-3.3532153708214927,1.6812458315528267,9.30177291,3.751085292182421,13.948962638143414,4.308109969265571,17.65208293502372,14.5990879916386,2453.702376668,2,side_to_side_wave
125_20260921022219.csv,5039,-0.3667062025828338,11.588581838538252,49.805681,11.594382366797781,8.865104042071838,2.758606261097262,14.428057800000001,9.284394335686281,-2.294378004213892,2.7246704806819997,14.8183127,3.5620218492480364,14.65509203876588,4.306501786584572,21.04170144959361,15.274739942223409,2760.7019200600002,2,side_to_side_wave
126_20260921022229.csv,5035,-0.8119407823951342,10.672991905416309,43.487083999999996,10.703831278901891,9.066785246931481,3.3806927906304067,17.526154899999998,9.67655302566956,-1.5071754135753723,5.5917154072807485,29.923931,5.791274378175067,14.858920293887738,4.5781032239336135,22.763456045812276,15.548200584926224,3087.0944527739994,2,side_to_side_wave
127_20260921022239.csv,4893,-0.6495878365047825,13.214974810663724,50.83309199999999,13.230930564545025,8.141998677580217,2.003138222665692,12.9337766,8.38479011095819,-1.3172205510113428,3.8663606160017534,23.470957,4.084582523707421,15.31162400924651,5.253590524686513,23.878175849834616,16.187836273004805,3145.27445399,2,side_to_side_wave
128_20260921022249.csv,5065,-1.197581219897611,13.519043299200314,47.796943,13.57198336662348,8.321598339921026,1.873914608486144,10.2549653,8.529979770836164,-1.3321712882022112,3.2289187904089984,19.2116726,3.492935283707193,15.655127819770396,4.906817424522358,21.810392646712273,16.406092901448083,3233.4696298599997,2,side_to_side_wave
129_20260921022259.csv,4806,0.46936975756448224,11.697936967731422,41.851843,11.707349711627034,8.630370489013734,1.5910284130669428,9.313743800000001,8.775800031269254,-0.1600814760880774,2.2823592555658516,11.6241484,2.2879663132252728,14.236549913390043,4.078252061014205,17.59731719847834,14.809169230905988,2677.646464406,2,side_to_side_wave
131_20260921022319.csv,4934,-0.392577747209465,0.10250716617256421,0.9816227099999999,0.40574007285550223,-0.23944831219396032,0.02654605272827913,0.368707065,0.2409153111115789,9.658545919071747,0.022376831052920418,0.21547789999999978,9.658571840255963,9.67006610850466,0.022285519599089292,0.2257640397371965,9.670091787942566,106.75979713400008,0,no_activity
132_20260921022329.csv,5036,-0.3114991427362987,0.039022438968516086,0.42856213,0.31393385715545324,-0.23353830472220014,0.026713196537558135,0.301669408,0.23506112958499417,9.657946619003178,0.022730569997164433,0.20111269999999948,9.657973367861775,9.665905665975513,0.022922305730781512,0.2042089060495922,9.665932845599412,107.17157406799997,0,no_activity
133_20260921022339.csv,5025,-0.3442633343363184,0.09096405483219343,0.5171475699999999,0.3560782254503553,-0.20936328904278606,0.052917864046041534,0.29927521,0.21594741752104496,9.653637739243782,0.028917937215604327,0.23941989999999969,9.653681051684098,9.66261458993453,0.029361944806745054,0.24028857393448888,9.662659201142224,109.38145506800007,0,no_activity
134_20260921022349.csv,5025,-0.3134612744696517,0.06950348537734306,0.48841712400000004,0.3210742983668062,-0.21766223512597016,0.044260397207005184,0.282515807,0.22211670662279095,9.654663073870646,0.02634957834299443,0.3758897999999995,9.654699030536387,9.662552951770095,0.026615050478419354,0.37828873061308244,9.662589606656848,102.81895364600007,0,no_activity
135_20260921022359.csv,4874,-0.2385305706456709,0.04214785498047209,0.354341864,0.24222566918475902,-0.21771172448276574,0.025647753172290438,0.237025979,0.21921724891086106,9.650743860032826,0.02126460767898667,0.16280550000000105,9.650767287397466,9.656271347345186,0.02150299917514324,0.16501904249358823,9.656295289215896,97.81030412600003,0,no_activity
136_20260921022409.csv,4977,-0.18617335436749044,0.027678908082696053,0.26575639100000004,0.1882196584554693,-0.23305391015471172,0.02015692127761973,0.16998832,0.23392397592763464,9.653319931002612,0.020453749246499734,0.16041180000000033,9.653341599992746,9.657987711041459,0.020603054762916337,0.16311018402933186,9.658009686912381,99.66815188600006,0,no_activity
137_20260921022419.csv,5093,-0.3235237322399372,0.08093042674306423,0.526724342,0.3334926375428295,-0.11882019230141372,0.07050272468346157,0.335188228,0.13816248509033455,9.649040372000785,0.024095916533675467,0.20111269999999948,9.649070458530948,9.655789794645326,0.02429746693411864,0.19847633004638787,9.655820365213732,102.95542443860002,0,no_activity
138_20260921022429.csv,5040,-0.16879597034325397,0.041796991124616635,0.33758244600000004,0.17389384138373606,-0.23573908343650793,0.0322275441834576,0.25378538,0.23793177606948923,9.648806358452381,0.02949528819710462,0.24660300000000035,9.64885144019416,9.653305082002277,0.029760827621019077,0.24851188164828208,9.653350957728186,104.66248644000001,0,no_activity
157_20260921022903.csv,5429,0.7003641918880088,0.02090578120454992,0.20350712999999998,0.7006761398582916,0.33456201454595685,0.017794709713149934,0.18435354000000004,0.3350349135102555,9.638319530502853,0.01735456246251555,0.18195919999999965,9.638335154626603,9.669560437397571,0.017347814394957427,0.18318346872834645,9.669575998933386,108.60099434000026,0,no_activity
158_20260921022913.csv,4996,0.6734550088851081,0.1677222342695163,0.6991069000000001,0.6940262220268046,0.2880292694302242,0.21127444732289724,0.87148941,0.3572082755761746,9.642897361469174,0.059000138312345046,0.6224918000000006,9.64307785616968,9.674442577041832,0.05815077532739805,0.5923639904092326,9.67461734070919,115.78832926439999,0,no_activity
159_20260921022923.csv,4970,0.7446988579336017,0.03099109796115648,0.2944868199999999,0.7453434357129931,0.10093607570583502,0.019382009706217264,0.19393033599999998,0.10278012297689644,9.63125900392354,0.021420479131712772,0.2274484999999995,9.631282824088622,9.660602312377442,0.021734546503659802,0.22905989772525714,9.660626761676703,99.82857407400009,0,no_activity
160_20260921022933.csv,4996,0.7494263427041634,0.02993196008649394,0.22984338000000004,0.7500238432033728,0.13988492530184146,0.028475420366201033,0.179565125,0.1427537806565333,9.611686998959167,0.01838330843527171,0.13646980000000042,9.611704578897008,9.641962802183931,0.01823843623742367,0.12727841511144078,9.641980051797193,99.35461257000001,0,no_activity
161_20260921022943.csv,5041,0.7491695020194405,0.025670569437523143,0.4381389,0.7496091787667113,0.14286701771950008,0.027690566560892905,0.203507159,0.14552577857042095,9.607868940428487,0.022645147510067135,0.17717080000000074,9.607895626991176,9.63816571366365,0.02262141097436618,0.18922892681568726,9.638192260599286,102.00252922999988,0,no_activity
162_20260921022953.csv,4935,0.7506382625248227,0.025741506314729806,0.36870706,0.7510795073183903,0.12011518390068894,0.035273975499106006,0.481234531,0.12518750237546822,9.608458375724418,0.028610981890652615,0.23702619999999897,9.608500972904851,9.638582636663964,0.02842603697451795,0.23598158561639515,9.638624553502336,101.80382450759996,0,no_activity
163_20260921023003.csv,5026,0.7312252110644648,0.038712527125684404,0.40940845000000003,0.7322492533644046,0.10919055609152407,0.030748807221819115,0.359130259,0.11343750122927101,9.612155597672105,0.027422907483821986,0.24181470000000083,9.61219471555347,9.64067588299562,0.026698398426343434,0.23326574270760858,9.640712851519432,103.93949527159998,0,no_activity
164_20260921023013.csv,4985,0.6824670734684052,0.07081172738808153,0.5099649700000001,0.6861308964798288,0.12105103059478434,0.04296926808664217,0.308852028,0.1284511969892112,9.614440396108325,0.031056495289202183,0.24420830000000038,9.614490555209843,9.63975095975309,0.030089653883050915,0.25406963621756695,9.639797920772583,102.32573040299997,0,no_activity
165_20260921023023.csv,5028,0.7022167865572793,0.018328983053667824,0.16041154000000002,0.7024559537384626,0.10610246783432778,0.021596688968547578,0.19393034,0.1082781171564169,9.612839260003978,0.02228672681482609,0.21547889999999903,9.612865095114252,9.639079697974491,0.02205517081116978,0.21389940697835286,9.639104930151113,100.98740430099993,0,no_activity
166_20260921023033.csv,4996,0.7313806983887109,0.023773332204637482,0.17477666999999997,0.7317669692597983,0.10407014032628104,0.021887457893523758,0.1891419349,0.10634686135741195,9.61105059883907,0.021268314238601697,0.16759400000000113,9.611074131159087,9.63945493254213,0.021144983917466678,0.16793143649194597,9.639478124196126,100.45589571279993,0,no_activity
167_20260921023043.csv,4978,0.7297168934270791,0.025912895276694155,0.24420858,0.7301768434389632,0.09645343143433105,0.022280806802039206,0.19153613,0.09899342800007989,9.613382847569305,0.024321907142136084,0.20829580000000014,9.613413614794005,9.641581967567516,0.024008608150755728,0.20508359048459468,9.641611859569355,98.49022219300005,0,no_activity
168_20260921023053.csv,5014,0.7467091998623853,0.023104647453292337,0.20111292000000003,0.7470665659049832,0.10502781326745114,0.02509051551610481,0.174776726,0.10798321873609103,9.610009068169127,0.02517237336866397,0.16759400000000113,9.61004203625946,9.639608749321633,0.024898355314265413,0.16564484567200388,9.63964090452002,100.43676401599998,0,no_activity
169_20260921023103.csv,4971,0.7657414136672702,0.05577611326326419,0.7661446000000001,0.7677700745769569,0.11741750873194529,0.03603424159408851,0.38067806299999996,0.1228223836443406,9.608445170710118,0.03331513251258627,0.45968629999999955,9.608502926918268,9.639852990776014,0.03345202779572313,0.46681474361770725,9.639911032884946,104.64335138559996,0,no_activity
170_20260921023113.csv,5067,0.7598899462403789,0.08011499860069082,0.63446344,0.7641015268915478,0.15703732947775806,0.08643815432476352,0.68953012,0.17925478340222215,9.609602055851589,0.05031273604384667,0.47405149999999985,9.609733765471095,9.641610281034282,0.04814200515040355,0.4694747330357316,9.641730470408612,116.85139759080002,0,no_activity
171_20260921023123.csv,5018,0.3763834878816262,0.026728004863901415,0.26336220000000005,0.3773313082609803,0.538891006510562,0.01968608965990367,0.26815057000000003,0.5392504603837296,9.618533830251096,0.02569157640502976,0.26096830000000004,9.61856814192128,9.641025681596687,0.02543389066048531,0.2619693997902903,9.641059229980957,106.18279423,0,no_activity
172_20260921023133.csv,4990,0.39280501273947893,0.014028516674114373,0.15322891000000005,0.3930554379643387,0.5575184104008016,0.017181451882244885,0.17477669999999995,0.557783094244186,9.61346689995992,0.01935426127919238,0.18435380000000023,9.613486382372145,9.637653545929723,0.019212241431677133,0.18671570522291425,9.637672695292812,101.80377357999996,0,no_activity
173_20260921023143.csv,4851,0.4720594826007009,0.1819626137139538,1.113303792,0.5059155541222814,0.5030044484436199,0.118541761184684,0.56981998,0.5167839241876985,9.612275456998557,0.04541981592175966,0.5291184999999992,9.61238276500136,9.639457604636355,0.042138836187402655,0.4782093097536233,9.639549709042267,105.251477494,0,no_activity
174_20260921023153.csv,5160,0.82528596599031,0.04722220984823456,0.34955347000000003,0.8266358707215106,0.24269410017829457,0.034986979963963556,0.311246214,0.24520300778814044,9.600861253953488,0.029791215484032216,0.22744949999999875,9.600907474514342,9.639503363179257,0.02916544587423611,0.22382142690767992,9.639547484813653,106.92983113399994,0,no_activity
175_20260921023203.csv,4931,0.8050290736503751,0.015490562732605647,0.14125789,0.8051780964210055,0.20295216989251672,0.020464052057421106,0.1651999,0.2039812753433261,9.607559348103834,0.02250687120737727,0.16280549999999927,9.607585710603308,9.643398172544028,0.022248595690743233,0.16154126643190025,9.64342383773708,98.33941201999995,0,no_activity
176_20260921023213.csv,5013,0.8162188412387792,0.023503110391372782,0.17956507,0.8165571584348792,0.19968587692698983,0.021819815164115935,0.210689735,0.20087447268853528,9.605659935168562,0.02277422634367733,0.19393059999999984,9.605686933035454,9.642397764130802,0.02242678181370052,0.1911450048364589,9.642423844773532,99.06247772999991,0,no_activity
177_20260921023223.csv,5028,0.8627278218715194,0.0592558077421557,0.73741415,0.8647603976722984,0.2110316412460223,0.038925423121543054,0.337582433,0.2145915705990825,9.600604929872713,0.03494364234496099,0.2609681999999989,9.600668522433038,9.64186741285849,0.032999364366757426,0.22739631937098892,9.641923882980569,109.087015164,0,no_activity
178_20260921023233.csv,4919,0.8774109191908925,0.03790942604597265,0.3184288799999999,0.878229494892162,0.22607464763773125,0.027742178712318988,0.3040636,0.22777044317520787,9.599107680321204,0.027430720609317148,0.2489966999999993,9.599146873698446,9.641893458580036,0.026031840291322758,0.24034535894528908,9.641928599783212,101.13345820999996,0,no_activity
179_20260921023243.csv,5027,0.8293568023373781,0.028094931021035403,0.24181438,0.8298325317389995,0.1956182320300378,0.026430232403861213,0.306457821,0.197395668360478,9.603779643863138,0.02370970112362163,0.22984319999999947,9.603808910937753,9.64158609916179,0.023455721633177152,0.22908429036899847,9.641614630259147,100.9466731279999,0,no_activity
180_20260921023253.csv,5018,0.873623110651654,0.03412723199461033,0.29688101999999994,0.874289430010615,0.19810372880749302,0.031945170855719754,0.25139116100000003,0.2006628548297713,9.599419352829813,0.03024175633685575,0.23702630000000013,9.599466989125483,9.64124182010847,0.029499665050534526,0.23965132651101584,9.641286950612278,105.50286272599999,0,no_activity
181_20260921023303.csv,4994,0.8844835002563075,0.045316789451771616,0.59136787,0.8856436493488031,0.21591202283179817,0.03656105356246971,0.292092607,0.21898564391511308,9.598192855406486,0.03284276667221147,0.29688160000000074,9.598249045367536,9.64145549059407,0.032251289355146116,0.29431349023285946,9.641509431762831,108.98881971399999,0,no_activity
182_20260921023313.csv,5054,0.8801543052156707,0.04298072816270361,0.5817910100000001,0.8812031229989351,0.21340655599713096,0.04165992859040442,0.555454799,0.21743483573869712,9.600500612188364,0.039160999069625425,0.3375825999999993,9.600580481849903,9.643311315379343,0.03859164326443814,0.345753800829268,9.643388535170255,110.79647662399996,0,no_activity
183_20260921023323.csv,4942,0.8346583440611088,0.024970163905597947,0.25139117,0.8350317720879277,0.19508819631626872,0.025064970227868872,0.220266556,0.19669178191896824,9.606511018919466,0.02293863438396826,0.21308419999999906,9.606538405563604,9.644741952062347,0.022327856320627212,0.20724473268678167,9.644767796844011,99.05529432199994,0,no_activity
184_20260921023333.csv,4977,0.8328796112115733,0.0342538137282867,0.6368576,0.8335836913753013,0.20112400588000806,0.04872031653363699,0.928950253,0.20694089732181817,9.60626189967852,0.031616685932677205,0.383072799999999,9.606313928872225,9.644579792515337,0.0321594676667059,0.4220276429233607,9.644633409599132,104.71997851839998,0,no_activity
185_20260921023343.csv,5076,0.8798427102048858,0.04658345433741029,0.57939686,0.8810750325135108,0.20661215304215916,0.06460471851762567,1.22583127,0.2164771383759917,9.600976081166273,0.03855164700014802,0.5985507999999999,9.601053480770394,9.643749708104929,0.038406671263720375,0.6142010181874724,9.643826185958115,110.48517652,0,no_activity
186_20260921023353.csv,4962,0.8490740559189843,0.03812398532222112,0.31124623000000007,0.84992952101428,0.18318345007158404,0.05208768029019084,0.60094463,0.19044501258405708,9.602824348206369,0.046030925529256514,0.418985300000001,9.60293467168293,9.642250026871576,0.044924619251924286,0.40010007994246344,9.642354681410545,111.76371875499999,0,no_activity
187_20260921023403.csv,4993,0.8613990528559983,0.01797468722118061,0.16041148000000005,0.8615865700217886,0.19656045795713997,0.023991152216296087,0.19153614,0.19801916325695879,9.599123493330662,0.023760411991017978,0.17238230000000065,9.59915289999022,9.639747849609154,0.023255107078776493,0.16848894726398456,9.639775900094854,100.46541761999997,0,no_activity
188_20260921023413.csv,5004,0.9209939872561951,0.06413311838610644,0.34715927999999985,0.923224231395597,0.24415020069464427,0.04856785582924382,0.378283876,0.24893404170399294,9.59336182779776,0.03355617293674739,0.33518880000000095,9.593420514904441,9.640904134729086,0.03155597103630623,0.3268098052221067,9.640955778051492,105.17006283999997,0,no_activity
189_20260921023423.csv,5051,0.8821545419124927,0.10031081905554567,0.58897366,0.8878394540886512,0.23799957470815677,0.06987295458142466,0.581791041,0.24804440599054303,9.59936362306474,0.05135727354545007,0.4381389000000002,9.599501004602512,9.643539114689617,0.04855722804796375,0.41502891027364264,9.643661361793262,119.23119675419998,0,no_activity
191_20260921023443.csv,5071,0.16049366524782102,1.0222121829886597,6.4116722,1.0347347310471031,-0.9886100126371525,7.679317689970096,21.610664,7.742691388695153,4.670719193818793,4.4393038031681415,19.2332215,6.443837059107748,10.029301632837502,1.3986031267313173,7.515779845225738,10.12635087030563,641.7669815439999,1,tilt
192_20260921023453.csv,4968,0.22347424617445646,1.1374971947579797,6.9000892,1.1592413928019973,-0.7107461625288648,7.41759716613531,22.115839,7.451570829469991,5.147002516741748,4.372009891311692,17.1598427,6.753229256960936,10.030575470976894,1.3650675996094277,9.294296215266355,10.123035801105653,714.5495117418001,1,tilt
193_20260921023503.csv,5032,0.04412905773463834,0.9401961232472013,5.0565539,0.9412311745291979,-0.8162303851027624,7.786092486050352,23.815722,7.828759048718688,4.764098714876093,4.128136745366504,17.435175,6.303820234867837,10.01674127843968,1.256355077648094,8.426586965906715,10.095223321964184,675.1756598474,1,tilt
194_20260921023513.csv,4963,-0.2627263700892807,0.8875458809490401,5.616797200000001,0.9256148423236833,-0.9078770865802134,7.980837276698956,21.902756,8.032310031459504,4.743007274436027,3.8510593607565116,18.00739,6.109564322062861,10.042378956963772,1.3609439253582576,7.278133611364754,10.134177000784934,703.5514555634,1,tilt
195_20260921023523.csv,5058,-0.09986396089770659,0.8934671687422975,6.924031299999999,0.8990308072066028,-0.5746049141462043,7.673111863156531,22.455816,7.694596576291342,4.9494490871726375,4.155330079872702,16.779163699999998,6.462492888909738,10.02246788306638,1.1528333514835845,6.017369354339277,10.088552284812224,688.755870299,1,tilt
196_20260921023533.csv,4820,0.14021031455670127,0.7880279022444857,4.278438599999999,0.8004042147714702,-0.10183019070103734,7.834009564920636,21.696855,7.834671355647677,4.783539864216555,4.206230403164914,18.6681889,6.369821648763631,10.049171091528654,1.269452783002483,5.6433409410896935,10.129034998216166,609.3069797802,1,tilt
197_20260921023543.csv,5173,0.1697832889628069,0.8811749351363719,7.1826053,0.8973826561303806,-0.01043870927863904,7.8193332219096545,24.505253,7.819340189677862,4.840824695532245,4.0564701211953675,17.1909664,6.3157369781384665,10.005089105195884,1.3168531457802322,8.537470030052578,10.091378013455875,703.6846300788,1,tilt
198_20260921023553.csv,4912,0.3300786259548861,0.8991030506362886,5.4228667999999995,0.9577777377741383,0.2957490992846292,7.637949685710397,22.288223000000002,7.643673392497304,4.8547996102489615,4.297664887013326,18.1654065,6.4837491266042,10.004986212456862,1.1324022039168935,6.222745854361332,10.068867059549834,666.2916745616001,1,tilt
199_20260921023603.csv,5061,-0.09731169173524995,0.7569986112676762,4.8865657,0.7632276611926264,-0.09829585533198955,7.513241661709555,22.364837,7.513884637284738,5.2055079554135935,4.150370764884917,18.933945299999998,6.657543883436716,9.99312453829699,1.2252882629019783,6.89199375941849,10.067962523029115,682.5970739231999,1,tilt
200_20260921023613.csv,5033,0.24978806802767733,0.8260096236996296,5.425261,0.8629518974852557,-0.3652944479181998,7.739416213203612,21.795018,7.748032224692849,5.247981966773137,3.793143888892698,18.8908501,6.475280324852359,10.053826827388583,1.275347302719493,14.15555563327812,10.134394141618545,673.5835421734,1,tilt
201_20260921023623.csv,4943,0.2557063599310945,0.9052182322692841,5.5689133,0.9406411592854834,-0.6263237500648188,7.727297408701356,21.974581999999998,7.752638691595137,5.07795250354477,4.076328195604599,17.7392392,6.511685894339318,10.078868331045832,1.3441275329889384,6.829340999076267,10.168100395821117,677.4459460459999,1,tilt
202_20260921023633.csv,5002,0.3916151978742103,1.1451303926667338,7.182605199999999,1.2102421573450186,-1.246781972159376,6.741625577962966,22.862831,6.855944918065352,6.592888976758636,3.062460963330555,18.7831113,7.269446485929246,9.93693728500328,1.6033703267373816,15.389286376491302,10.065461688901822,888.2326791628,1,tilt
203_20260921023643.csv,4959,-0.0921784553772938,1.000538289057527,6.3709708,1.004775465218925,0.05103611250740077,7.253179241679542,22.149358,7.253358794152604,5.8191684927227865,3.669851383004232,16.1491897,6.879718825652373,9.942931589816476,1.4454860955685704,8.173899738829292,10.047453341631027,679.0578433534,1,tilt
204_20260921023653.csv,5044,0.05725531206726804,1.0780127740236878,6.4787097,1.0795321726183833,0.8614124403089016,6.810903423879157,21.253927,6.86516109364724,5.905771560642506,4.179613330603446,16.1420071,7.2351437663568126,9.91010276646084,1.5598060877823867,8.249685714352228,10.032105056930861,779.1345774581999,1,tilt
205_20260921023703.csv,5028,-0.14155836699787197,1.0215183957452696,6.016629,1.0312800803434017,-0.3720695657961812,6.971270722070525,21.543625,6.981192680494462,6.454186488168258,2.975878166387605,13.1085532,7.10720578604814,9.939784178341485,1.2303066363841972,7.968467749674893,10.015635972395298,703.6519860408,1,tilt
206_20260921023713.csv,5048,-0.01596071265208003,0.8635915186700919,4.5753193,0.8637389973060599,-0.09948926173343897,7.2307022450768015,21.282657999999998,7.231386663023833,6.002570644197227,3.7891727772573454,15.6344365,7.098498762026127,10.014995483902672,1.7684875621620273,8.049061078380637,10.169940157154944,625.4576538458,1,tilt
207_20260921023723.csv,4863,-0.3975694273822743,1.0072874939815337,4.8817772,1.0829079116530027,-0.6911676457989717,7.666533315919293,23.308152,7.697625984594195,5.896496428782706,3.4364689878605263,15.3447383,6.82480690123716,10.101367497468782,2.2285643953173206,9.59923437715843,10.344279800111499,618.8798734884,1,tilt
208_20260921023733.csv,5004,-0.5895941795591326,1.1822268546230774,5.6120088,1.3210910764826103,-0.23351779600363717,7.802926556171749,23.037607,7.8064200118915394,5.285943720386091,4.001215574183368,16.232986099999998,6.629549538707489,10.033044759664794,2.4442616413064715,11.203799483418642,10.326490309906816,639.0447476816,1,tilt
209_20260921023743.csv,5127,-0.4489158546483519,1.0375234670481068,5.963956400000001,1.1304779472551352,-1.5281375248958846,8.097945279986906,22.625805,8.24086901076926,5.309750451761576,3.946471492735591,15.083770000000001,6.615745392845537,10.263656474397651,2.7595915133221127,11.338019187618322,10.62816962345089,665.7670363668001,1,tilt
210_20260921023753.csv,4979,-0.6282141955140189,0.9558468004377069,4.6088383,1.14380775541711,-1.6317128859201242,8.309940109318596,24.591444000000003,8.468623947403719,5.126413634861278,4.0232671755615526,15.0454625,6.51665524035472,10.320290175315156,2.997381184105251,12.242843846961726,10.746752219416559,671.2692231789999,1,tilt
211_20260921023803.csv,5036,-0.3614968832118149,0.9617485317448505,5.4827218,1.0274435434052969,-1.4191758856884233,7.998968972878565,23.87079,8.12388852850613,5.177281059208003,4.238172115638187,15.4548712,6.690765430636991,10.199652454381926,2.7904546074262626,14.029194989556776,10.574476209547484,708.6789121122,1,tilt
212_20260921023813.csv,4947,-0.3306311720555286,0.9720148251495346,5.4252611,1.0267082313127196,-1.4288917694861327,7.655896540906556,22.556373999999998,7.788098839509562,5.665335796931534,3.811818292948384,15.0550398,6.828322516581198,10.119509984854565,2.4351836446342277,10.61827118433214,10.408390928316695,692.980151863,1,tilt
213_20260921023823.csv,5017,-0.5709567386884593,0.8757350847058076,4.8171339,1.0454202676619817,-0.8263096512210685,7.342889748057418,20.942680600000003,7.389236597364293,5.983577481168706,3.844837666670916,14.7222449,7.112381890492149,10.051504510643204,2.290623115352308,9.538353749679874,10.309204488420383,620.4902877224,1,tilt
214_20260921023833.csv,4987,-0.6346146777442351,0.8888992959387072,5.2193596,1.0921894284091695,-1.017157235265811,7.6636864523154475,21.9626101,7.730892502205481,5.682870700977541,3.9017710865032535,15.2202396,6.893390821323114,10.105388123296063,2.521813736427472,9.717127523078876,10.415297098195875,647.7360202755999,1,tilt
215_20260921023843.csv,4893,-0.8400487019949928,0.9300092217542327,6.4475853999999995,1.2532354025766212,-1.5224204644069077,7.658889559375497,22.087108999999998,7.808735707728618,5.916229651961189,3.5334297183943617,13.9465241,6.8910738546018555,10.136453737013236,2.69928820884229,10.712135507418047,10.48970215006149,632.2365491922,1,tilt
216_20260921023853.csv,5091,-0.8966983750158122,0.9698312785002107,5.7819972,1.3208484714430158,-0.40797013097104706,7.374131822669656,21.483770800000002,7.385408571357027,5.644034645081045,4.458057723343242,16.8602677,7.192315742480682,10.089221929945708,2.495176754906404,9.974832839671603,10.393185565067268,728.9332587478001,1,tilt
217_20260921023903.csv,4800,-0.3009326985581666,1.1638672854240746,7.2089414000000005,1.202142897970913,-0.08941159435454153,7.551749527770479,22.695236,7.552278819229774,5.079617944622937,5.2755603191259235,20.4446878,7.323527506882962,10.188944046212843,2.8812388442723407,14.324205827165377,10.588489885465252,772.3045293404,1,tilt
218_20260921023913.csv,5220,-0.7192443349765326,0.8561261485377607,5.9783214000000005,1.1181522238076238,-1.3592192696451917,8.064282333288315,22.599468,8.178027058769176,5.3619537384850195,4.2236742201562425,19.2377097,6.825684713760658,10.29698634107867,2.948293586614464,13.896470167702969,10.710759206575073,766.7793050644,1,tilt
219_20260921023923.csv,4995,-0.7629896615796395,0.8202231194861977,5.1140149,1.1202317570115046,-0.7966721256355757,8.20689717567702,23.885154900000003,8.245474378584905,5.020022589941041,4.033340348492421,17.2600992,6.4396010101787615,10.156727992219386,2.748109273606071,13.429723458256401,10.521940319523416,700.33933484,1,tilt
220_20260921023933.csv,4985,-0.9535978087772919,1.0605604059720455,5.260061,1.42623180290598,-0.5714127421749245,8.277513665630668,24.031201,8.29721308673113,4.50108034905031,4.734562108762992,17.1574485,6.532671939592645,10.195061567285773,3.10071031730416,12.991248016557098,10.6561571325025,724.6802604561999,1,tilt
221_20260921023943.csv,5038,-0.9884099109894998,1.4859689308573032,9.4693671,1.784673027648333,-1.3121966399813614,7.572895084039664,23.2291436,7.685740040871178,5.543492519395197,5.384802250555798,27.816732000000002,7.728286005977088,10.45713827473301,3.5539163587176845,21.589486400588957,11.04454898950823,935.9757699094,1,tilt
