timestamp,x,y,z
2026-09-13T21:47:51.249,-1.6711528301239014,0.6248866319656372,9.517251014709473
2026-09-13T21:47:54.282,-1.680729627609253,0.6153098344802856,9.538799285888672
2026-09-13T21:47:57.327,-1.678335428237915,0.5961562395095825,9.522039413452148
2026-09-13T21:48:00.362,-1.699883222579956,0.608127236366272,9.514857292175293
2026-09-13T21:48:03.378,-1.742978811264038,0.6703764796257019,9.478943824768066
2026-09-13T21:48:06.404,-1.644816517829895,0.5267243981361389,9.510068893432617
2026-09-13T21:48:09.425,-1.7046716213226318,0.5961562395095825,9.483732223510742
2026-09-13T21:48:13.472,-1.6496049165725708,0.5913678407669067,9.567529678344727
2026-09-13T21:48:16.504,-1.6400281190872192,0.5602431893348694,9.536404609680176
2026-09-13T21:48:21.534,-1.644816517829895,0.5770025849342346,9.534010887145996
2026-09-13T21:48:24.551,-1.6543933153152466,0.586579442024231,9.52922248840332
2026-09-13T21:48:27.580,-1.659181833267212,0.5841852426528931,9.481337547302246
2026-09-13T21:48:30.613,-1.6352397203445435,0.5793967843055725,9.56513500213623
2026-09-13T21:48:33.642,-1.6855180263519287,0.5363011956214905,9.5531644821167
2026-09-13T21:48:36.677,-1.6424223184585571,0.5506663918495178,9.507674217224121
2026-09-13T21:48:39.709,-1.6400281190872192,0.5793967843055725,9.517251014709473
2026-09-13T21:48:42.740,-1.6687586307525635,0.5530605912208557,9.557952880859375
2026-09-13T21:48:46.769,-1.6519991159439087,0.5506663918495178,9.560346603393555
2026-09-13T21:48:49.804,-1.6208745241165161,0.5171475410461426,9.536404609680176
2026-09-13T21:48:54.834,-1.6328455209732056,0.5291185975074768,9.524434089660645
2026-09-13T21:48:57.864,-1.6400281190872192,0.5267243981361389,9.517251014709473
2026-09-13T21:49:00.883,-1.6280571222305298,0.5123591423034668,9.519645690917969
2026-09-13T21:49:03.928,-1.6400281190872192,0.524330198764801,9.541193008422852
2026-09-13T21:49:06.961,-1.6160861253738403,0.5339069962501526,9.5316162109375
2026-09-13T21:49:09.988,-1.6089035272598267,0.5315127968788147,9.526827812194824
2026-09-13T21:49:13.006,-1.644816517829895,0.5363011956214905,9.560346603393555
2026-09-13T21:49:17.042,-0.9457096457481384,0.545877993106842,9.555558204650879
2026-09-13T21:49:20.077,0.42856210470199585,0.9097966551780701,9.629778861999512
2026-09-13T21:49:23.105,-1.237802267074585,9.493309020996094,-1.015141487121582
2026-09-13T21:49:26.148,-1.3263877630233765,9.651326179504395,-1.9033904075622559
2026-09-13T21:49:29.174,-1.6974890232086182,9.510068893432617,-1.9249382019042969
2026-09-13T21:49:32.205,-1.778891921043396,9.684844970703125,-1.5610195398330688
2026-09-13T21:49:35.222,-1.8052281141281128,9.897929191589355,-1.41257905960083
2026-09-13T21:49:38.254,-1.8148049116134644,9.608230590820312,-1.3646949529647827
2026-09-13T21:49:41.271,-1.7717092037200928,9.522039413452148,-1.403002142906189
2026-09-13T21:49:45.308,-1.8531121015548706,9.648932456970215,-1.414973258972168
2026-09-13T21:49:49.341,-2.049436569213867,9.62020206451416,-1.4245500564575195
2026-09-13T21:49:53.368,-1.7956513166427612,9.727940559387207,-1.4748282432556152
2026-09-13T21:49:56.388,-2.2385785579681396,9.486125946044922,-1.6400281190872192
2026-09-13T21:49:59.404,-2.1930887699127197,9.519645690917969,-1.580173134803772
2026-09-13T21:50:02.422,-2.1715409755706787,9.548376083374023,-1.7190368175506592
2026-09-13T21:50:06.448,-1.3958195447921753,9.723152160644531,-1.2737152576446533
2026-09-13T21:50:09.469,-1.50355863571167,9.634567260742188,-1.4077905416488647
2026-09-13T21:50:12.507,-1.161187767982483,9.890746116638184,-1.2713210582733154
2026-09-13T21:50:16.530,-1.338358759880066,9.5531644821167,-1.3503297567367554
2026-09-13T21:50:19.559,-1.0079588890075684,9.818920135498047,-1.2330138683319092
2026-09-13T21:50:22.592,-0.6775590777397156,9.368810653686523,-1.2856862545013428
2026-09-13T21:50:25.622,-0.6991068720817566,9.941024780273438,-1.2761094570159912
2026-09-13T21:50:28.644,-0.6512228846549988,9.74709415435791,-1.3000515699386597
2026-09-13T21:50:32.672,-0.7230489253997803,9.354445457458496,-1.6903064250946045
2026-09-13T21:50:35.701,-0.8930372595787048,9.931447982788086,-0.828393816947937
2026-09-13T21:50:38.730,-0.4118026793003082,9.610625267028809,-1.0606313943862915
2026-09-13T21:50:41.766,-0.4572925269603729,10.333673477172852,-1.0989385843276978
2026-09-13T21:50:44.782,-0.6200982332229614,9.964966773986816,-1.3407529592514038
2026-09-13T21:50:47.812,-0.8834604024887085,9.840468406677246,-1.3862427473068237
2026-09-13T21:50:50.841,-0.4812345504760742,9.92665958404541,-1.170764684677124
2026-09-13T21:50:53.861,-0.40462008118629456,9.823708534240723,-1.3551181554794312
2026-09-13T21:50:56.891,-0.6105214357376099,9.936236381530762,-1.2114660739898682
2026-09-13T21:50:59.932,-0.9983820915222168,9.663297653198242,-1.5466543436050415
2026-09-13T21:51:02.956,-0.9193734526634216,9.569923400878906,-1.235408067703247
2026-09-13T21:51:06.987,-0.5746083855628967,9.766247749328613,-1.2042834758758545
2026-09-13T21:51:10.001,-0.6272808313369751,9.89553451538086,-1.1540051698684692
2026-09-13T21:51:13.038,-1.2234370708465576,9.897929191589355,-1.1252747774124146
2026-09-13T21:51:16.065,-0.8762778043746948,9.56274127960205,-1.3000515699386597
2026-09-13T21:51:19.111,-0.6272808313369751,9.854833602905273,-0.7015010714530945
2026-09-13T21:51:22.129,-0.6392518281936646,9.775824546813965,-0.9385270476341248
2026-09-13T21:51:25.159,-0.6153098344802856,9.715970039367676,-1.1204863786697388
2026-09-13T21:51:28.177,-0.6344634294509888,9.826103210449219,-1.1180921792984009
2026-09-13T21:51:31.209,-1.0989385843276978,9.833285331726074,-0.9600749015808105
2026-09-13T21:51:34.238,-0.8619126081466675,9.536404609680176,-1.1635819673538208
2026-09-13T21:51:37.255,-0.5578489899635315,9.862015724182129,1.290474772453308
2026-09-13T21:51:41.286,-0.8786720037460327,9.991303443908691,0.5339069962501526
2026-09-13T21:51:44.315,0.026336219161748886,9.955389976501465,1.2449848651885986
2026-09-13T21:51:47.340,-0.002394201699644327,9.943418502807617,0.5913678407669067
2026-09-13T21:51:50.362,-0.6919242739677429,9.696816444396973,0.06464344263076782
2026-09-13T21:51:53.366,-1.1420341730117798,10.089465141296387,0.9074024558067322
2026-09-13T21:51:56.398,-0.7038952708244324,10.070311546325684,0.9840168952941895
2026-09-13T21:51:59.418,-0.9217676520347595,9.943418502807617,0.2753331959247589
2026-09-13T21:52:02.453,-0.7876923680305481,9.76864242553711,0.5530605912208557
2026-09-13T21:52:05.472,-0.7924807667732239,9.821314811706543,0.5626373887062073
2026-09-13T21:52:08.505,-1.2306196689605713,9.754277229309082,0.44771572947502136
2026-09-13T21:52:12.569,-1.0654197931289673,9.905111312866211,0.7038952708244324
2026-09-13T21:52:15.600,-1.1444283723831177,9.715970039367676,0.7182605266571045
2026-09-13T21:52:18.637,-1.137245774269104,9.957783699035645,1.2545616626739502
2026-09-13T21:52:21.649,-1.6160861253738403,10.307337760925293,1.4245500564575195
2026-09-13T21:52:24.676,-1.0247182846069336,9.96257209777832,1.4460978507995605
2026-09-13T21:52:27.689,-0.9672574996948242,9.574711799621582,0.5817909836769104
2026-09-13T21:52:30.727,-0.9145850539207458,9.725546836853027,0.8044517636299133
2026-09-13T21:52:35.767,-0.8930372595787048,9.62020206451416,0.9696516990661621
2026-09-13T21:52:38.787,-0.8188169598579407,9.823708534240723,1.139639973640442
2026-09-13T21:52:41.805,-0.4165911078453064,9.771036148071289,1.192312479019165
2026-09-13T21:52:45.852,-0.6631938815116882,9.692028045654297,0.2585737705230713
2026-09-13T21:52:48.882,-0.9696516990661621,9.862015724182129,0.667982280254364
2026-09-13T21:52:51.929,-0.6488286852836609,9.818920135498047,0.2059013396501541
2026-09-13T21:52:54.946,-0.5793967843055725,9.778219223022461,-0.026336219161748886
2026-09-13T21:52:57.951,-0.33039984107017517,9.76864242553711,1.2210428714752197
2026-09-13T21:53:01.980,-0.42377370595932007,10.185233116149902,0.043095629662275314
2026-09-13T21:53:04.994,-1.1875240802764893,9.74470043182373,0.7589619159698486
2026-09-13T21:53:08.023,-0.15322890877723694,9.735123634338379,0.37828385829925537
2026-09-13T21:53:11.040,-0.35913026332855225,10.029610633850098,-0.28730419278144836
2026-09-13T21:53:15.076,0.023942016065120697,9.933841705322266,-0.2801215946674347
2026-09-13T21:53:18.103,-0.545877993106842,10.331279754638672,0.2585737705230713
2026-09-13T21:53:21.133,-0.40701428055763245,9.866804122924805,0.629675030708313
2026-09-13T21:53:24.165,-0.5434837937355042,9.840468406677246,0.6177040338516235
2026-09-13T21:53:27.188,-0.6200982332229614,9.785401344299316,0.4572925269603729
2026-09-13T21:53:30.228,-0.6105214357376099,9.847650527954102,0.5482721924781799
2026-09-13T21:53:33.260,-0.5650315880775452,9.919476509094238,0.646434485912323
2026-09-13T21:53:36.279,-0.7709329724311829,9.979331970214844,0.7086837291717529
2026-09-13T21:53:39.306,-0.7805097699165344,9.885957717895508,0.706289529800415
2026-09-13T21:53:43.338,-0.5267243981361389,9.924264907836914,0.6631938815116882
2026-09-13T21:53:46.364,-0.7781155705451965,9.830891609191895,0.6607996821403503
2026-09-13T21:53:49.376,-0.730231523513794,9.821314811706543,0.730231523513794
2026-09-13T21:53:52.418,-0.7038952708244324,9.852438926696777,0.6224924325942993
2026-09-13T21:53:55.451,-0.7422025203704834,9.919476509094238,0.7445967197418213
2026-09-13T21:53:58.476,-0.7038952708244324,9.823708534240723,0.5626373887062073
2026-09-13T21:54:01.480,-0.6248866319656372,10.0487642288208,0.7637503147125244
2026-09-13T21:54:04.509,-0.8690952062606812,9.778219223022461,0.5602431893348694
2026-09-13T21:54:07.528,-0.6392518281936646,9.847650527954102,0.44771572947502136
2026-09-13T21:54:10.560,-0.8379706144332886,9.850045204162598,0.4405331015586853
2026-09-13T21:54:13.573,-0.7134721279144287,9.92905330657959,0.24899697303771973
2026-09-13T21:54:19.621,-0.8331822156906128,9.854833602905273,0.0694318488240242
2026-09-13T21:54:23.655,-0.7182605266571045,10.283395767211914,0.4692635238170624
2026-09-13T21:54:26.685,-0.44532153010368347,10.036792755126953,-0.09576806426048279
2026-09-13T21:54:29.730,-0.49320554733276367,9.510068893432617,-0.7206547260284424
2026-09-13T21:54:32.769,-0.9313444495201111,9.711181640625,-0.6607996821403503
2026-09-13T21:54:35.791,1.3694833517074585,3.251325845718384,8.966584205627441
2026-09-13T21:54:38.811,-1.4413094520568848,1.1540051698684692,9.517251014709473
2026-09-13T21:54:41.827,-1.5729905366897583,1.173158884048462,9.505280494689941
2026-09-13T21:54:45.886,-1.702277421951294,0.9696516990661621,9.500492095947266
2026-09-13T21:54:48.920,-1.6089035272598267,0.9097966551780701,9.471760749816895
2026-09-13T21:54:51.950,-1.6376339197158813,0.9864110946655273,9.534010887145996
2026-09-13T21:54:54.968,-1.6711528301239014,0.9481038451194763,9.524434089660645
2026-09-13T21:54:57.995,-2.056619167327881,1.2234370708465576,9.694421768188477
2026-09-13T21:55:01.016,-1.6400281190872192,0.8475474119186401,9.5531644821167
2026-09-13T21:55:04.048,-1.6855180263519287,0.993593692779541,9.502885818481445
2026-09-13T21:55:08.083,-2.0590133666992188,1.2641384601593018,9.395146369934082
2026-09-13T21:55:11.129,-2.0661959648132324,1.2617442607879639,9.404723167419434
2026-09-13T21:55:14.147,-2.073378562927246,1.2976573705673218,9.368810653686523
2026-09-13T21:55:17.177,-2.0877439975738525,1.3096283674240112,9.371204376220703
2026-09-13T21:55:20.194,-1.9560627937316895,1.2713210582733154,9.423876762390137
2026-09-13T21:55:23.214,-1.7980455160140991,1.1228805780410767,9.457395553588867
2026-09-13T21:55:26.240,-2.0254945755004883,1.1803414821624756,9.452607154846191
2026-09-13T21:55:29.251,-1.9800047874450684,1.2401964664459229,9.38556957244873
2026-09-13T21:55:32.282,-1.8698714971542358,1.2210428714752197,9.445425033569336
2026-09-13T21:55:35.297,-2.1978771686553955,8.789413452148438,0.4165911078453064
2026-09-13T21:55:38.317,-1.1779472827911377,9.92665958404541,0.8044517636299133
2026-09-13T21:55:42.361,-1.5083470344543457,9.703998565673828,0.7541735172271729
2026-09-13T21:55:45.392,-1.6687586307525635,9.739912033081055,0.7422025203704834
2026-09-13T21:55:50.423,-1.2689268589019775,9.826103210449219,0.12449848651885986
2026-09-13T21:55:53.448,-1.0271124839782715,9.840468406677246,0.3064578175544739
2026-09-13T21:55:56.458,-1.0295066833496094,9.8691987991333,0.5027823448181152
2026-09-13T21:55:59.475,-0.993593692779541,9.83568000793457,0.07182604819536209
2026-09-13T21:56:02.491,-1.0773907899856567,9.897929191589355,0.21308395266532898
2026-09-13T21:56:06.515,-1.5322890281677246,9.799766540527344,0.14365209639072418
2026-09-13T21:56:09.548,-1.5083470344543457,1.3551181554794312,9.500492095947266
2026-09-13T21:56:12.595,-1.5275006294250488,1.359906554222107,9.502885818481445
2026-09-13T21:56:15.601,-1.5490485429763794,1.3742717504501343,9.49809741973877
2026-09-13T21:56:18.630,-1.5322890281677246,1.3838485479354858,9.495702743530273
2026-09-13T21:56:21.643,-1.5179238319396973,1.3694833517074585,9.524434089660645
2026-09-13T21:56:24.658,-1.4891934394836426,1.3096283674240112,9.514857292175293
2026-09-13T21:56:28.688,-1.5442601442337036,1.3862427473068237,9.548376083374023
2026-09-13T21:56:31.705,-1.5418659448623657,1.3670891523361206,9.507674217224121
2026-09-13T21:56:34.723,-1.5849615335464478,1.3335703611373901,9.486125946044922
2026-09-13T21:56:37.737,-1.53707754611969,1.3934253454208374,9.56274127960205
2026-09-13T21:56:40.749,-1.5298948287963867,1.3718775510787964,9.495702743530273
2026-09-13T21:56:43.764,-1.525106430053711,1.3623007535934448,9.483732223510742
2026-09-13T21:56:46.798,-1.5107412338256836,1.3838485479354858,9.512462615966797
2026-09-13T21:56:49.828,-1.5322890281677246,1.381454348564148,9.483732223510742
2026-09-13T21:56:52.860,-1.556231141090393,1.359906554222107,9.502885818481445
2026-09-13T21:56:55.881,-1.4844050407409668,1.3766659498214722,9.495702743530273
2026-09-13T21:56:58.924,-2.0877439975738525,3.8283286094665527,9.49809741973877
2026-09-13T21:57:02.946,-1.335964560508728,9.684844970703125,10.965743064880371
2026-09-13T21:57:05.969,-1.7190368175506592,9.732728958129883,-0.12928688526153564
2026-09-13T21:57:09.005,-2.0422539710998535,9.706393241882324,-0.28969839215278625
2026-09-13T21:57:12.034,-1.8507179021835327,9.696816444396973,-0.5793967843055725
2026-09-13T21:57:15.067,-1.922544002532959,9.711181640625,-0.3758896589279175
2026-09-13T21:57:18.112,-1.9369091987609863,9.665691375732422,-0.29209262132644653
2026-09-13T21:57:21.135,-1.946485996246338,9.684844970703125,-0.3734954595565796
2026-09-13T21:57:24.159,-2.049436569213867,9.641749382019043,-0.28969839215278625
2026-09-13T21:57:27.177,-2.126051187515259,9.644144058227539,-0.3471592366695404
2026-09-13T21:57:30.196,-2.1978771686553955,3.7181951999664307,-0.24899697303771973
2026-09-13T21:57:33.224,-1.5514427423477173,1.4077905416488647,9.129390716552734
2026-09-13T21:57:37.268,-1.5753847360610962,1.4963760375976562,9.452607154846191
2026-09-13T21:57:42.298,-1.601720929145813,1.4987702369689941,9.464578628540039
2026-09-13T21:57:45.318,-1.577778935432434,1.4844050407409668,9.445425033569336
2026-09-13T21:57:50.360,-1.6950948238372803,1.4173674583435059,9.464578628540039
2026-09-13T21:57:53.386,-1.625662922859192,1.479616641998291,9.512462615966797
2026-09-13T21:57:56.410,-1.6519991159439087,1.525106430053711,9.471760749816895
2026-09-13T21:57:59.452,-1.6663644313812256,1.5442601442337036,9.481337547302246
2026-09-13T21:58:02.468,-1.7046716213226318,1.5179238319396973,9.44063663482666
2026-09-13T21:58:05.505,-1.6735470294952393,1.5418659448623657,9.431059837341309
2026-09-13T21:58:09.537,-1.6927006244659424,1.577778935432434,9.416694641113281
2026-09-13T21:58:12.562,-1.6759412288665771,1.558625340461731,9.426271438598633
2026-09-13T21:58:15.569,-1.678335428237915,1.5658079385757446,9.450213432312012
2026-09-13T21:58:18.581,-1.699883222579956,1.5442601442337036,9.459790229797363
2026-09-13T21:58:21.602,-1.6831238269805908,1.534683346748352,9.435848236083984
2026-09-13T21:58:24.624,-1.7070658206939697,1.5514427423477173,9.445425033569336
2026-09-13T21:58:27.648,-1.6855180263519287,1.5466543436050415,9.431059837341309
2026-09-13T21:58:30.676,-1.6735470294952393,1.5658079385757446,9.455001831054688
2026-09-13T21:58:33.711,-1.6831238269805908,1.556231141090393,9.445425033569336
2026-09-13T21:58:38.744,-1.6831238269805908,1.5610195398330688,9.414299964904785
2026-09-13T21:58:42.774,-1.6950948238372803,1.5490485429763794,9.455001831054688
2026-09-13T21:58:45.812,-1.6855180263519287,1.5394717454910278,9.462183952331543
2026-09-13T21:58:48.824,-1.6663644313812256,1.5490485429763794,9.445425033569336
2026-09-13T21:58:54.875,-0.6105214357376099,9.794978141784668,-0.3758896589279175
2026-09-13T21:58:57.897,-1.5753847360610962,10.180444717407227,-0.12689268589019775
2026-09-13T21:59:00.929,-0.49559974670410156,9.797372817993164,-0.2944868206977844
2026-09-13T21:59:03.960,-0.7996633648872375,9.87159252166748,0.14604631066322327
2026-09-13T21:59:06.992,-2.0015525817871094,8.686463356018066,0.26096799969673157
2026-09-13T21:59:10.007,-1.9847931861877441,1.7549498081207275,9.311349868774414
2026-09-13T21:59:13.040,-2.0254945755004883,1.7357962131500244,9.356839179992676
2026-09-13T21:59:16.087,-2.0661959648132324,1.7597382068634033,9.301773071289062
2026-09-13T21:59:19.118,-2.0901381969451904,1.8100165128707886,9.308955192565918
2026-09-13T21:59:22.151,-2.169146776199341,1.800439715385437,9.325715065002441
2026-09-13T21:59:26.182,-2.185906171798706,1.8124107122421265,9.35205078125
2026-09-13T21:59:29.240,-2.2673089504241943,1.8507179021835327,8.985737800598145
2026-09-13T21:59:32.296,-2.161964178085327,1.8626888990402222,9.320926666259766
2026-09-13T21:59:35.325,-2.2673089504241943,1.7310078144073486,9.289801597595215
2026-09-13T21:59:38.359,-2.229001760482788,1.7286136150360107,9.344868659973145
2026-09-13T21:59:41.379,-2.164358377456665,1.886630892753601,9.273042678833008
2026-09-13T21:59:44.406,-2.27209734916687,1.8171991109848022,9.19163990020752
2026-09-13T21:59:47.437,-2.140416383743286,1.7884687185287476,9.325715065002441
2026-09-13T21:59:50.469,-2.1475989818573,1.7477672100067139,9.31613826751709
2026-09-13T21:59:53.500,-2.3535003662109375,1.778891921043396,9.332897186279297
2026-09-13T21:59:57.533,-2.2385785579681396,1.8052281141281128,9.428665161132812
2026-09-13T22:00:00.547,-2.209848165512085,1.7908629179000854,9.306561470031738
2026-09-13T22:00:03.561,-2.2625205516815186,1.800439715385437,9.270648002624512
2026-09-13T22:00:06.580,-2.2002713680267334,1.7597382068634033,9.29458999633789
2026-09-13T22:00:09.596,-2.231395959854126,1.7956513166427612,9.455001831054688
2026-09-13T22:00:12.625,-2.2218191623687744,1.800439715385437,9.273042678833008
2026-09-13T22:00:15.655,-2.248155355453491,1.824381709098816,9.25867748260498
2026-09-13T22:00:18.675,-2.229001760482788,1.802833914756775,9.270648002624512
2026-09-13T22:00:21.705,-2.22660756111145,1.800439715385437,9.280224800109863
2026-09-13T22:00:24.750,-2.2409727573394775,1.8148049116134644,9.26107120513916
2026-09-13T22:00:31.813,-2.209848165512085,1.824381709098816,9.237129211425781
2026-09-13T22:00:34.818,-2.2601263523101807,1.843535304069519,9.299378395080566
2026-09-13T22:00:37.846,-2.2577321529388428,1.8076223134994507,9.313743591308594
2026-09-13T22:00:40.878,-2.248155355453491,1.8339585065841675,9.246706008911133
2026-09-13T22:00:43.909,-2.2433669567108154,1.821987509727478,9.268254280090332
2026-09-13T22:00:46.941,-2.27209734916687,1.8171991109848022,9.273042678833008
2026-09-13T22:00:49.961,-2.250549554824829,1.8363527059555054,9.275436401367188
2026-09-13T22:00:52.989,-2.2361843585968018,1.8411411046981812,9.265859603881836
2026-09-13T22:00:56.037,-2.296039342880249,1.8148049116134644,9.268254280090332
2026-09-13T22:01:00.070,-2.33913516998291,1.8602946996688843,9.241917610168457
2026-09-13T22:01:03.097,-2.3702597618103027,1.965639591217041,9.22755241394043
2026-09-13T22:01:06.120,-2.1284453868865967,1.8579005002975464,9.234735488891602
2026-09-13T22:01:09.145,-1.98958158493042,1.5514427423477173,8.918700218200684
2026-09-13T22:01:12.179,-2.0231003761291504,1.4963760375976562,9.419088363647461
2026-09-13T22:01:15.210,-2.0470423698425293,1.5275006294250488,9.375992774963379
2026-09-13T22:01:18.229,-2.008735179901123,1.5394717454910278,9.359233856201172
2026-09-13T22:01:21.257,-2.0183119773864746,1.53707754611969,9.347262382507324
2026-09-13T22:01:24.273,-2.013523578643799,1.5394717454910278,9.364022254943848
2026-09-13T22:01:27.304,-2.03507137298584,1.53707754611969,9.34965705871582
2026-09-13T22:01:30.321,-2.0398597717285156,1.5394717454910278,9.35205078125
2026-09-13T22:01:34.355,-2.0446481704711914,1.577778935432434,9.354445457458496
2026-09-13T22:01:37.366,-2.027888774871826,1.556231141090393,9.380781173706055
2026-09-13T22:01:40.395,-2.0159177780151367,1.5322890281677246,9.359233856201172
2026-09-13T22:01:43.418,-2.027888774871826,1.5490485429763794,9.368810653686523
2026-09-13T22:01:46.454,-2.0254945755004883,1.5466543436050415,9.38556957244873
2026-09-13T22:01:49.498,-2.0661959648132324,1.5658079385757446,9.344868659973145
2026-09-13T22:01:52.520,-2.0422539710998535,1.5849615335464478,9.404723167419434
2026-09-13T22:01:55.554,-2.011129379272461,1.522712230682373,9.364022254943848
2026-09-13T22:01:58.571,-1.9967641830444336,1.5418659448623657,9.359233856201172
2026-09-13T22:02:01.604,-2.011129379272461,1.580173134803772,9.34965705871582
2026-09-13T22:02:04.636,-2.0183119773864746,1.5610195398330688,9.359233856201172
2026-09-13T22:02:08.666,-2.0254945755004883,1.556231141090393,9.38317584991455
2026-09-13T22:02:11.696,-2.032677173614502,1.5705963373184204,9.35205078125
2026-09-13T22:02:14.691,-2.006340980529785,1.5921441316604614,9.366415977478027
2026-09-13T22:02:17.708,-2.0159177780151367,1.577778935432434,9.378387451171875
2026-09-13T22:02:20.728,-2.0207061767578125,1.5825673341751099,9.3735990524292
2026-09-13T22:02:23.759,-2.013523578643799,1.580173134803772,9.35205078125
2026-09-13T22:02:26.789,-2.027888774871826,1.5610195398330688,9.347262382507324
2026-09-13T22:02:29.821,-2.0398597717285156,1.556231141090393,9.378387451171875
2026-09-13T22:02:32.853,-2.0183119773864746,1.5514427423477173,9.380781173706055
2026-09-13T22:02:37.901,-2.0422539710998535,1.5753847360610962,9.375992774963379
2026-09-13T22:02:40.919,-2.049436569213867,1.5634137392044067,9.395146369934082
2026-09-13T22:02:43.950,-2.030282974243164,1.5705963373184204,9.356839179992676
2026-09-13T22:02:46.966,-2.006340980529785,1.5466543436050415,9.359233856201172
2026-09-13T22:02:54.023,-2.3918075561523438,1.5514427423477173,9.366415977478027
2026-09-13T22:02:57.054,-1.3742717504501343,1.53707754611969,8.966584205627441
2026-09-13T22:03:00.072,-1.0558429956436157,0.7398083209991455,9.632172584533691
2026-09-13T22:03:03.081,-1.0773907899856567,0.727837324142456,9.629778861999512
2026-09-13T22:03:09.120,-1.1228805780410767,0.6488286852836609,9.641749382019043
2026-09-13T22:03:12.154,-1.1324573755264282,0.6009446382522583,9.668086051940918
2026-09-13T22:03:16.180,-1.115697979927063,0.5770025849342346,9.672874450683594
2026-09-13T22:03:19.211,-1.113303780555725,0.6847416758537292,9.65611457824707
2026-09-13T22:03:22.219,-1.1109095811843872,0.730231523513794,9.658509254455566
2026-09-13T22:03:25.233,-1.1300631761550903,0.6943184733390808,9.646537780761719
2026-09-13T22:03:28.259,-1.091755986213684,0.7182605266571045,9.56513500213623
2026-09-13T22:03:31.283,-1.1228805780410767,0.7015010714530945,9.646537780761719
2026-09-13T22:03:34.305,-1.113303780555725,0.706289529800415,9.682451248168945
2026-09-13T22:03:37.326,-1.1109095811843872,0.7326257228851318,9.598653793334961
2026-09-13T22:03:41.367,-1.1180921792984009,0.7230489253997803,9.617807388305664
2026-09-13T22:03:44.373,-1.1204863786697388,0.7206547260284424,9.610625267028809
2026-09-13T22:03:47.402,-1.1013327836990356,0.7254431247711182,9.617807388305664
2026-09-13T22:03:51.432,-1.1180921792984009,0.7398083209991455,9.62020206451416
2026-09-13T22:03:54.461,-1.1085153818130493,0.727837324142456,9.593865394592285
2026-09-13T22:03:57.481,-1.115697979927063,0.7110779285430908,9.613018989562988
2026-09-13T22:04:00.509,-1.0989385843276978,0.6224924325942993,9.62259578704834
2026-09-13T22:04:05.558,-1.2449848651885986,0.6416460275650024,9.593865394592285
2026-09-13T22:04:08.584,-1.3192051649093628,0.6536170840263367,9.663297653198242
2026-09-13T22:04:12.621,-1.3263877630233765,0.646434485912323,9.603442192077637
2026-09-13T22:04:15.652,-1.3479355573654175,0.6440402865409851,9.574711799621582
2026-09-13T22:04:18.686,-1.3024457693099976,0.646434485912323,9.601048469543457
2026-09-13T22:04:21.713,-1.2617442607879639,0.6823474764823914,9.58907699584961
2026-09-13T22:04:24.735,-1.3192051649093628,0.6536170840263367,9.591471672058105
2026-09-13T22:04:29.795,-1.2497732639312744,0.6943184733390808,9.58907699584961
2026-09-13T22:04:32.841,-1.3287819623947144,0.689530074596405,9.534010887145996
2026-09-13T22:04:35.888,-1.2641384601593018,0.6560112833976746,9.567529678344727
2026-09-13T22:04:38.908,-1.335964560508728,0.6177040338516235,9.629778861999512
2026-09-13T22:04:42.955,-1.3287819623947144,0.6631938815116882,9.62020206451416
2026-09-13T22:04:46.002,-1.359906554222107,0.6512228846549988,9.593865394592285
2026-09-13T22:04:49.032,-1.335964560508728,0.6655880808830261,9.603442192077637
2026-09-13T22:04:52.063,-1.3479355573654175,0.6631938815116882,9.569923400878906
2026-09-13T22:04:55.082,-1.335964560508728,0.6655880808830261,9.579500198364258
2026-09-13T22:04:58.111,-1.359906554222107,0.7086837291717529,9.56513500213623
2026-09-13T22:05:01.131,-1.3455413579940796,0.6919242739677429,9.58668327331543
2026-09-13T22:05:04.161,-1.3287819623947144,0.7398083209991455,9.579500198364258
2026-09-13T22:05:07.193,-1.5490485429763794,0.6943184733390808,9.605836868286133
2026-09-13T22:05:10.224,-1.3335703611373901,0.7709329724311829,9.548376083374023
2026-09-13T22:05:13.257,-1.3479355573654175,0.7110779285430908,9.598653793334961
2026-09-13T22:05:17.298,-1.3455413579940796,0.6967126727104187,9.581894874572754
2026-09-13T22:05:22.333,-1.3072341680526733,0.7469909191131592,9.58668327331543
2026-09-13T22:05:25.379,-1.2689268589019775,0.7038952708244324,9.596260070800781
2026-09-13T22:05:28.405,-1.3335703611373901,0.6967126727104187,9.58907699584961
2026-09-13T22:05:31.445,-1.2976573705673218,0.689530074596405,9.699210166931152
2026-09-13T22:05:34.477,-1.256955862045288,0.6967126727104187,9.62259578704834
2026-09-13T22:05:37.520,-1.213860273361206,0.7206547260284424,9.593865394592285
2026-09-13T22:05:40.539,-1.2737152576446533,0.7661445140838623,9.560346603393555
2026-09-13T22:05:43.566,-1.2545616626739502,0.6871358752250671,9.593865394592285
2026-09-13T22:05:46.590,-1.2282254695892334,0.6823474764823914,9.58907699584961
2026-09-13T22:05:50.621,-1.216254472732544,0.706289529800415,9.569923400878906
2026-09-13T22:05:53.653,-1.2234370708465576,0.7469909191131592,9.5531644821167
2026-09-13T22:05:56.693,-1.2282254695892334,0.8140285611152649,9.577106475830078
2026-09-13T22:05:59.718,-1.1803414821624756,0.8164227604866028,9.56274127960205
2026-09-13T22:06:02.750,-1.2018892765045166,0.768538773059845,9.574711799621582
2026-09-13T22:06:05.770,-1.192312479019165,0.8307880163192749,9.569923400878906
2026-09-13T22:06:08.796,-1.1803414821624756,0.6584054827690125,9.58907699584961
2026-09-13T22:06:11.829,-1.192312479019165,0.689530074596405,9.58668327331543
2026-09-13T22:06:14.843,-1.1851298809051514,0.6775590777397156,9.581894874572754
2026-09-13T22:06:19.889,-1.256955862045288,0.6943184733390808,9.617807388305664
2026-09-13T22:06:23.935,-1.158793568611145,0.6919242739677429,9.574711799621582
2026-09-13T22:06:26.970,-1.192312479019165,0.7230489253997803,9.543587684631348
2026-09-13T22:06:29.991,-1.194706678390503,0.6871358752250671,9.593865394592285
2026-09-13T22:06:33.039,-1.1779472827911377,0.6847416758537292,9.572318077087402
2026-09-13T22:06:36.097,-1.170764684677124,0.7038952708244324,9.593865394592285
2026-09-13T22:06:39.115,-1.1994950771331787,0.7709329724311829,9.35205078125
2026-09-13T22:06:42.132,-1.2042834758758545,0.6871358752250671,9.591471672058105
2026-09-13T22:06:45.145,-1.2713210582733154,0.6631938815116882,9.62020206451416
2026-09-13T22:06:48.163,-1.292868971824646,0.6129156351089478,9.658509254455566
2026-09-13T22:06:51.175,-1.216254472732544,0.6344634294509888,9.67766284942627
2026-09-13T22:06:54.180,-1.1468225717544556,0.5746083855628967,9.62259578704834
2026-09-13T22:06:58.217,-1.192312479019165,0.7709329724311829,9.639355659484863
2026-09-13T22:07:01.235,-1.1827356815338135,0.8140285611152649,9.58907699584961
2026-09-13T22:07:04.281,-0.15083470940589905,0.751779317855835,9.577106475830078
2026-09-13T22:07:07.312,-1.1324573755264282,1.5418659448623657,8.798990249633789
2026-09-13T22:07:10.349,-1.1348515748977661,0.8834604024887085,9.608230590820312
2026-09-13T22:07:13.378,-1.0845733880996704,1.0247182846069336,9.632172584533691
2026-09-13T22:07:16.395,-1.1085153818130493,1.0295066833496094,9.624990463256836
2026-09-13T22:07:20.442,-1.522712230682373,0.8619126081466675,9.617807388305664
2026-09-13T22:07:23.461,-1.070208191871643,0.9074024558067322,9.96257209777832
2026-09-13T22:07:26.489,-1.113303780555725,0.9720458984375,9.682451248168945
2026-09-13T22:07:29.521,-1.1563993692398071,0.9313444495201111,9.644144058227539
2026-09-13T22:07:32.550,-1.2545616626739502,0.7038952708244324,9.706393241882324
2026-09-13T22:07:35.587,-1.2617442607879639,0.5793967843055725,9.58668327331543
2026-09-13T22:07:38.612,-1.9512743949890137,0.4213795065879822,9.658509254455566
2026-09-13T22:07:41.632,-2.2170307636260986,1.5322890281677246,9.450213432312012
2026-09-13T22:07:44.662,-2.252943754196167,1.9752163887023926,9.289801597595215
2026-09-13T22:07:47.696,-2.2840683460235596,2.049436569213867,9.239523887634277
2026-09-13T22:07:51.723,-2.2864625453948975,2.0374655723571777,9.241917610168457
2026-09-13T22:07:54.740,-2.3080103397369385,2.0853497982025146,9.220370292663574
2026-09-13T22:07:57.751,-2.315192937850952,2.0829553604125977,9.201216697692871
2026-09-13T22:08:00.763,-2.31758713722229,2.0901381969451904,9.220370292663574
2026-09-13T22:08:03.789,-2.3367409706115723,2.097320795059204,9.201216697692871
2026-09-13T22:08:06.835,-2.322375535964966,2.0925323963165283,9.198822021484375
2026-09-13T22:08:09.865,-2.3582887649536133,2.099714994430542,9.162909507751465
2026-09-13T22:08:12.899,-2.346317768096924,2.1284453868865967,9.186851501464844
2026-09-13T22:08:15.932,-2.3798365592956543,2.145204782485962,9.196428298950195
2026-09-13T22:08:18.951,-2.3582887649536133,2.166752576828003,9.213187217712402
2026-09-13T22:08:21.964,-2.367865562438965,2.1595699787139893,9.184456825256348
2026-09-13T22:08:26.012,-2.387019157409668,2.161964178085327,9.17009162902832
2026-09-13T22:08:29.049,-2.3702597618103027,2.1739351749420166,9.172486305236816
2026-09-13T22:08:32.067,-2.3942017555236816,2.2002713680267334,9.153332710266113
2026-09-13T22:08:35.088,-2.2385785579681396,2.209848165512085,9.131784439086914
2026-09-13T22:08:38.105,-1.414973258972168,2.1380221843719482,9.1940336227417
2026-09-13T22:08:41.121,-1.4700398445129395,0.9888052940368652,9.62259578704834
2026-09-13T22:08:44.152,-1.4197616577148438,1.072602391242981,9.541193008422852
2026-09-13T22:08:47.169,-1.4413094520568848,1.1492167711257935,9.538799285888672
2026-09-13T22:08:50.199,-1.4389152526855469,1.2114660739898682,9.522039413452148
2026-09-13T22:08:53.213,-1.4293384552001953,1.2258312702178955,9.52922248840332
2026-09-13T22:08:56.233,-1.4484920501708984,1.216254472732544,9.514857292175293
2026-09-13T22:09:00.278,-1.5179238319396973,1.2473790645599365,9.517251014709473
2026-09-13T22:09:03.325,-1.4437036514282227,1.237802267074585,9.560346603393555
2026-09-13T22:09:06.372,-1.4413094520568848,1.2234370708465576,9.507674217224121
2026-09-13T22:09:09.418,-1.41257905960083,1.2258312702178955,9.524434089660645
2026-09-13T22:09:14.465,-1.4437036514282227,1.259350061416626,9.514857292175293
2026-09-13T22:09:17.486,-1.4245500564575195,1.2401964664459229,9.507674217224121
2026-09-13T22:09:20.508,-1.4460978507995605,1.2473790645599365,9.493309020996094
2026-09-13T22:09:23.534,-1.436521053314209,1.2425906658172607,9.517251014709473
2026-09-13T22:09:26.561,-1.45806884765625,1.259350061416626,9.512462615966797
2026-09-13T22:09:30.579,-1.436521053314209,1.2473790645599365,9.555558204650879
2026-09-13T22:09:33.609,-1.41257905960083,1.2665326595306396,9.512462615966797
2026-09-13T22:09:39.674,-1.436521053314209,1.2521674633026123,9.495702743530273
2026-09-13T22:09:42.689,-1.4484920501708984,1.2449848651885986,9.500492095947266
2026-09-13T22:09:45.724,-1.4413094520568848,1.2425906658172607,9.522039413452148
2026-09-13T22:09:48.753,-1.316810965538025,1.0749965906143188,9.56274127960205
2026-09-13T22:09:51.785,-1.5873557329177856,1.1037269830703735,9.47415542602539
2026-09-13T22:09:54.798,-1.7357962131500244,1.1420341730117798,9.481337547302246
2026-09-13T22:09:57.830,-1.7980455160140991,1.237802267074585,9.486125946044922
2026-09-13T22:10:00.850,-1.5682021379470825,1.070208191871643,9.328108787536621
2026-09-13T22:10:04.894,-1.659181833267212,0.9169792532920837,9.495702743530273
2026-09-13T22:10:07.927,-1.678335428237915,0.9313444495201111,9.486125946044922
2026-09-13T22:10:10.961,-1.6136919260025024,0.9385270476341248,9.402329444885254
2026-09-13T22:10:15.005,-1.6735470294952393,0.9289502501487732,9.354445457458496
2026-09-13T22:10:18.028,-1.678335428237915,0.8786720037460327,9.538799285888672
2026-09-13T22:10:21.047,-1.7118542194366455,0.9074024558067322,9.534010887145996
2026-09-13T22:10:24.067,-1.601720929145813,0.9911994934082031,9.74470043182373
2026-09-13T22:10:27.088,-1.6136919260025024,0.9193734526634216,9.481337547302246
2026-09-13T22:10:30.116,-1.6687586307525635,0.9097966551780701,9.526827812194824
2026-09-13T22:10:33.134,-1.6903064250946045,0.9289502501487732,9.52922248840332
2026-09-13T22:10:37.164,-1.647210717201233,0.8762778043746948,9.534010887145996
2026-09-13T22:10:40.196,-1.6831238269805908,0.8834604024887085,9.522039413452148
2026-09-13T22:10:43.226,-1.7381904125213623,1.0654197931289673,9.514857292175293
2026-09-13T22:10:46.256,-1.7908629179000854,1.1252747774124146,9.493309020996094
2026-09-13T22:10:49.287,-1.7932571172714233,1.0821791887283325,9.462183952331543
2026-09-13T22:10:52.305,-1.7597382068634033,1.0271124839782715,9.514857292175293
2026-09-13T22:10:55.346,-1.7334020137786865,1.036689281463623,9.505280494689941
2026-09-13T22:10:58.373,-1.8531121015548706,1.0606313943862915,9.320926666259766
2026-09-13T22:11:01.398,-1.7597382068634033,1.0079588890075684,9.579500198364258
2026-09-13T22:11:04.412,-1.678335428237915,0.9169792532920837,9.428665161132812
2026-09-13T22:11:07.444,-1.8291701078414917,0.9552865028381348,9.593865394592285
2026-09-13T22:11:11.475,-1.8124107122421265,0.9983820915222168,9.462183952331543
2026-09-13T22:11:14.492,-1.7717092037200928,1.0031704902648926,9.641749382019043
2026-09-13T22:11:17.523,-1.7836803197860718,1.0055646896362305,9.483732223510742
2026-09-13T22:11:20.543,-1.8171991109848022,0.8547300100326538,9.469367027282715
2026-09-13T22:11:23.559,-1.5897499322891235,1.0055646896362305,9.799766540527344
2026-09-13T22:11:26.592,-1.5514427423477173,0.9481038451194763,9.550769805908203
2026-09-13T22:11:29.614,-1.7070658206939697,0.9768342971801758,9.44303035736084
2026-09-13T22:11:33.632,-1.7118542194366455,1.0055646896362305,9.466972351074219
2026-09-13T22:11:36.646,-1.5753847360610962,0.9840168952941895,9.47654914855957
2026-09-13T22:11:39.661,-1.7190368175506592,1.0342950820922852,9.313743591308594
2026-09-13T22:11:43.691,-1.7310078144073486,0.9552865028381348,9.486125946044922
2026-09-13T22:11:46.708,-1.7525556087493896,0.9720458984375,9.56274127960205
2026-09-13T22:11:49.738,-1.623268723487854,0.9816226959228516,9.505280494689941
2026-09-13T22:11:52.754,-1.7621324062347412,1.113303780555725,9.146149635314941
2026-09-13T22:11:55.785,-1.7477672100067139,0.9696516990661621,9.457395553588867
2026-09-13T22:11:58.815,-1.6160861253738403,0.48602294921875,9.490914344787598
2026-09-13T22:12:01.845,-1.7262194156646729,1.015141487121582,9.277831077575684
2026-09-13T22:12:04.865,-1.7549498081207275,1.0654197931289673,9.584288597106934
2026-09-13T22:12:07.912,-1.723825216293335,1.0319008827209473,9.56513500213623
2026-09-13T22:12:10.946,-1.5753847360610962,0.9433154463768005,9.469367027282715
2026-09-13T22:12:13.964,-1.7166426181793213,0.9600749015808105,9.450213432312012
2026-09-13T22:12:19.012,-1.8267759084701538,1.0749965906143188,9.5316162109375
2026-09-13T22:12:22.024,-1.900996208190918,1.2018892765045166,9.490914344787598
2026-09-13T22:12:25.071,-1.8818424940109253,1.290474772453308,9.368810653686523
2026-09-13T22:12:28.090,-1.8076223134994507,1.1899182796478271,9.65372085571289
2026-09-13T22:12:31.135,-1.8052281141281128,1.194706678390503,9.541193008422852
2026-09-13T22:12:34.155,-1.8148049116134644,1.1971008777618408,9.466972351074219
2026-09-13T22:12:37.196,-1.6927006244659424,1.2521674633026123,9.455001831054688
2026-09-13T22:12:40.202,-1.745373010635376,1.1540051698684692,9.464578628540039
2026-09-13T22:12:43.230,-1.7693150043487549,1.139639973640442,9.5531644821167
2026-09-13T22:12:46.276,-1.625662922859192,1.1492167711257935,9.486125946044922
2026-09-13T22:12:50.341,-1.7717092037200928,1.072602391242981,9.47415542602539
2026-09-13T22:12:53.380,-1.821987509727478,1.0797849893569946,9.543587684631348
2026-09-13T22:12:56.406,-1.4987702369689941,1.1037269830703735,9.47654914855957
2026-09-13T22:12:59.437,-1.3958195447921753,0.6153098344802856,9.58668327331543
2026-09-13T22:13:02.458,-1.5490485429763794,0.6177040338516235,9.550769805908203
2026-09-13T22:13:05.492,-1.4844050407409668,0.689530074596405,9.58668327331543
2026-09-13T22:13:08.538,-1.4963760375976562,0.6823474764823914,9.5531644821167
2026-09-13T22:13:11.546,-1.4532804489135742,0.6584054827690125,9.517251014709473
2026-09-13T22:13:14.566,-1.45806884765625,0.38307225704193115,9.572318077087402
2026-09-13T22:13:18.590,-1.4437036514282227,0.4141969084739685,9.632172584533691
2026-09-13T22:13:22.626,-1.436521053314209,0.5171475410461426,9.557952880859375
2026-09-13T22:13:25.656,-1.4532804489135742,0.4812345504760742,9.579500198364258
2026-09-13T22:13:28.690,-1.4173674583435059,0.49320554733276367,9.56274127960205
2026-09-13T22:13:31.704,-1.4484920501708984,0.4644751250743866,9.572318077087402
2026-09-13T22:13:34.720,-1.4413094520568848,0.507570743560791,9.593865394592285
2026-09-13T22:13:37.751,-1.4269442558288574,0.4908113479614258,9.567529678344727
2026-09-13T22:13:40.764,-1.4413094520568848,0.5051765441894531,9.572318077087402
2026-09-13T22:13:43.803,-1.434126853942871,0.524330198764801,9.5531644821167
2026-09-13T22:13:46.826,-1.3838485479354858,0.5123591423034668,9.598653793334961
2026-09-13T22:13:49.858,-1.4245500564575195,0.5315127968788147,9.56513500213623
2026-09-13T22:13:52.892,-1.434126853942871,0.5003881454467773,9.58907699584961
2026-09-13T22:13:56.936,-1.4101848602294922,0.5219359993934631,9.548376083374023
2026-09-13T22:13:59.948,-1.3982137441635132,0.5506663918495178,9.555558204650879
2026-09-13T22:14:02.973,-1.4437036514282227,0.4884171485900879,9.62259578704834
2026-09-13T22:14:06.003,-1.4867992401123047,0.45250412821769714,9.639355659484863
2026-09-13T22:14:09.039,-1.4221558570861816,0.5099649429321289,9.56513500213623
2026-09-13T22:14:13.066,-1.400607943534851,0.47165772318840027,9.574711799621582
2026-09-13T22:14:16.082,-1.455674648284912,0.524330198764801,9.596260070800781
2026-09-13T22:14:19.096,-1.338358759880066,0.5889736413955688,9.567529678344727
2026-09-13T22:14:22.127,-1.3910311460494995,0.38307225704193115,9.579500198364258
2026-09-13T22:14:25.160,-1.5203180313110352,0.5913678407669067,9.457395553588867
2026-09-13T22:14:29.191,-1.5107412338256836,0.5291185975074768,9.471760749816895
2026-09-13T22:14:32.223,-1.4413094520568848,0.5722141861915588,9.534010887145996
2026-09-13T22:14:35.259,-1.5897499322891235,0.5650315880775452,9.488520622253418
2026-09-13T22:14:38.302,-1.4413094520568848,0.5434837937355042,9.62259578704834
2026-09-13T22:14:41.319,-1.3838485479354858,0.4884171485900879,9.56274127960205
2026-09-13T22:14:44.365,-1.4700398445129395,0.5291185975074768,9.534010887145996
2026-09-13T22:14:47.398,-1.403002142906189,0.47644615173339844,9.538799285888672
2026-09-13T22:14:50.418,-1.5131354331970215,0.5123591423034668,9.663297653198242
2026-09-13T22:14:54.444,-1.3838485479354858,0.5674257874488831,9.514857292175293
2026-09-13T22:14:57.467,-1.381454348564148,0.5315127968788147,9.541193008422852
2026-09-13T22:15:00.495,-1.3766659498214722,0.507570743560791,9.581894874572754
2026-09-13T22:15:04.536,-1.3886369466781616,0.5051765441894531,9.581894874572754
2026-09-13T22:15:07.558,-1.403002142906189,0.47644615173339844,9.58668327331543
2026-09-13T22:15:10.575,-1.4053963422775269,0.5363011956214905,9.536404609680176
2026-09-13T22:15:13.601,-1.4173674583435059,0.5506663918495178,9.617807388305664
2026-09-13T22:15:16.631,-1.3958195447921753,0.5027823448181152,9.569923400878906
2026-09-13T22:15:19.648,-1.3862427473068237,0.5003881454467773,9.5531644821167
2026-09-13T22:15:22.680,-1.3838485479354858,0.47165772318840027,9.569923400878906
2026-09-13T22:15:25.710,-1.3862427473068237,0.49559974670410156,9.579500198364258
2026-09-13T22:15:28.742,-1.357512354850769,0.4836287498474121,9.567529678344727
2026-09-13T22:15:31.774,-1.335964560508728,0.5051765441894531,9.615413665771484
2026-09-13T22:15:35.792,-1.3982137441635132,0.4812345504760742,9.581894874572754
2026-09-13T22:15:38.822,-1.4101848602294922,0.48602294921875,9.593865394592285
2026-09-13T22:15:41.858,-1.3503297567367554,0.5099649429321289,9.534010887145996
2026-09-13T22:15:44.870,-1.3742717504501343,0.49320554733276367,9.58668327331543
2026-09-13T22:15:47.899,-1.434126853942871,0.4668693244457245,9.577106475830078
2026-09-13T22:15:50.912,-1.436521053314209,0.49559974670410156,9.579500198364258
2026-09-13T22:15:53.917,-1.4101848602294922,0.5147533416748047,9.577106475830078
2026-09-13T22:15:56.950,-1.414973258972168,0.48602294921875,9.584288597106934
2026-09-13T22:15:59.970,-1.400607943534851,0.5147533416748047,9.522039413452148
2026-09-13T22:16:03.011,-1.4269442558288574,0.5003881454467773,9.567529678344727
2026-09-13T22:16:06.042,-1.400607943534851,0.5147533416748047,9.596260070800781
2026-09-13T22:16:10.060,-1.3934253454208374,0.5051765441894531,9.555558204650879
2026-09-13T22:16:13.072,-1.3838485479354858,0.47165772318840027,9.567529678344727
2026-09-13T22:16:16.097,-1.3886369466781616,0.4908113479614258,9.579500198364258
2026-09-13T22:16:19.108,-1.414973258972168,0.48602294921875,9.574711799621582
2026-09-13T22:16:22.127,-1.3958195447921753,0.507570743560791,9.598653793334961
2026-09-13T22:16:26.150,-1.4269442558288574,0.5123591423034668,9.574711799621582
2026-09-13T22:16:29.194,-1.3982137441635132,0.5315127968788147,9.572318077087402
2026-09-13T22:16:32.212,-1.3742717504501343,0.3016694188117981,9.574711799621582
2026-09-13T22:16:35.229,-1.4700398445129395,0.5506663918495178,9.610625267028809
2026-09-13T22:16:38.259,-1.4724340438842773,0.4812345504760742,9.522039413452148
2026-09-13T22:16:42.287,-1.4700398445129395,0.4429273009300232,9.560346603393555
2026-09-13T22:16:45.293,-1.4317326545715332,0.45250412821769714,9.615413665771484
2026-09-13T22:16:48.310,-1.434126853942871,0.4189853072166443,9.548376083374023
2026-09-13T22:16:51.355,-1.5322890281677246,0.4596867263317108,9.5531644821167
2026-09-13T22:16:54.382,-1.501164436340332,0.40462008118629456,9.591471672058105
2026-09-13T22:16:57.408,-1.479616641998291,0.44771572947502136,9.550769805908203
2026-09-13T22:17:00.445,-1.501164436340332,0.40940847992897034,9.541193008422852
2026-09-13T22:17:03.487,-1.4628572463989258,0.4141969084739685,9.581894874572754
2026-09-13T22:17:06.523,-1.4652514457702637,0.4429273009300232,9.58907699584961
2026-09-13T22:17:09.562,-1.5322890281677246,0.42377370595932007,9.574711799621582
2026-09-13T22:17:15.610,-1.5179238319396973,0.40222588181495667,9.557952880859375
2026-09-13T22:17:18.639,-1.5059528350830078,0.4381389021873474,9.567529678344727
2026-09-13T22:17:21.656,-1.455674648284912,0.4429273009300232,9.548376083374023
2026-09-13T22:17:24.684,-1.4772224426269531,0.37828385829925537,9.514857292175293
2026-09-13T22:17:27.714,-1.4963760375976562,0.40462008118629456,9.5531644821167
2026-09-13T22:17:30.745,-1.525106430053711,0.40701428055763245,9.545981407165527
2026-09-13T22:17:33.766,-1.522712230682373,0.3974374830722809,9.617807388305664
2026-09-13T22:17:36.811,-1.5203180313110352,0.3758896589279175,9.56274127960205
2026-09-13T22:17:39.843,-1.45806884765625,0.44532153010368347,9.526827812194824
2026-09-13T22:17:42.874,-1.4221558570861816,0.43095630407333374,9.560346603393555
2026-09-13T22:17:45.906,-1.4437036514282227,0.363918662071228,9.577106475830078
2026-09-13T22:17:49.936,-1.4987702369689941,0.40701428055763245,9.569923400878906
2026-09-13T22:17:52.967,-1.4724340438842773,0.43335050344467163,9.56274127960205
2026-09-13T22:17:55.987,-1.5131354331970215,0.4357447028160095,9.557952880859375
2026-09-13T22:17:59.018,-1.5107412338256836,0.42856210470199585,9.536404609680176
2026-09-13T22:18:02.050,-1.5466543436050415,0.43335050344467163,9.56513500213623
2026-09-13T22:18:05.066,-1.534683346748352,0.4189853072166443,9.536404609680176
2026-09-13T22:18:08.094,-1.5059528350830078,0.47884035110473633,9.581894874572754
2026-09-13T22:18:11.115,-1.5203180313110352,0.49799394607543945,9.58668327331543
2026-09-13T22:18:14.145,-1.50355863571167,0.4812345504760742,9.596260070800781
2026-09-13T22:18:17.163,-1.4939818382263184,0.4620809257030487,9.543587684631348
2026-09-13T22:18:21.191,-1.4915876388549805,0.4405331015586853,9.548376083374023
2026-09-13T22:18:24.231,-1.4891934394836426,0.43095630407333374,9.56513500213623
2026-09-13T22:18:27.253,-1.4293384552001953,0.4884171485900879,9.471760749816895
2026-09-13T22:18:30.298,-1.50355863571167,0.3926490843296051,9.486125946044922
2026-09-13T22:18:35.319,-1.4891934394836426,0.395043283700943,9.5316162109375
2026-09-13T22:18:38.350,-1.5131354331970215,0.4213795065879822,9.58907699584961
2026-09-13T22:18:41.366,-1.45806884765625,0.395043283700943,9.543587684631348
2026-09-13T22:18:44.386,-1.4437036514282227,0.40940847992897034,9.557952880859375
2026-09-13T22:18:47.420,-1.4245500564575195,0.363918662071228,9.605836868286133
2026-09-13T22:18:50.449,-1.460463047027588,0.3711012601852417,9.567529678344727
2026-09-13T22:18:54.482,-1.338358759880066,0.40462008118629456,9.598653793334961
2026-09-13T22:18:57.503,-1.4652514457702637,0.3734954595565796,9.526827812194824
2026-09-13T22:19:00.526,-1.4317326545715332,0.3423708379268646,9.550769805908203
2026-09-13T22:19:03.570,-1.4987702369689941,0.35673606395721436,9.584288597106934
2026-09-13T22:19:06.594,-1.4844050407409668,0.31842881441116333,9.601048469543457
2026-09-13T22:19:10.623,-1.4676456451416016,0.33997663855552673,9.584288597106934
2026-09-13T22:19:13.664,-1.4484920501708984,0.35434186458587646,9.56513500213623
2026-09-13T22:19:16.678,-1.4437036514282227,0.35673606395721436,9.572318077087402
2026-09-13T22:19:19.706,-1.45806884765625,0.3447650372982025,9.567529678344727
2026-09-13T22:19:23.726,-1.4844050407409668,0.33518823981285095,9.56513500213623
2026-09-13T22:19:26.758,-1.4939818382263184,0.33039984107017517,9.5531644821167
2026-09-13T22:19:29.802,-1.4844050407409668,0.31842881441116333,9.598653793334961
2026-09-13T22:19:32.828,-1.4101848602294922,0.363918662071228,9.569923400878906
2026-09-13T22:19:35.852,-1.4676456451416016,0.3926490843296051,9.58668327331543
2026-09-13T22:19:38.884,-1.4460978507995605,0.36152446269989014,9.567529678344727
2026-09-13T22:19:41.916,-1.436521053314209,0.3663128614425659,9.574711799621582
2026-09-13T22:19:44.936,-1.45806884765625,0.37828385829925537,9.56274127960205
2026-09-13T22:19:47.948,-1.4413094520568848,0.35913026332855225,9.584288597106934
2026-09-13T22:19:50.965,-1.4532804489135742,0.3734954595565796,9.577106475830078
2026-09-13T22:19:55.008,-1.455674648284912,0.35434186458587646,9.56513500213623
2026-09-13T22:20:00.056,-1.4628572463989258,0.3687070608139038,9.579500198364258
2026-09-13T22:20:05.089,-1.4508862495422363,0.3663128614425659,9.596260070800781
2026-09-13T22:20:08.136,-1.4437036514282227,0.35673606395721436,9.58907699584961
2026-09-13T22:20:11.156,-1.4628572463989258,0.3495534360408783,9.591471672058105
2026-09-13T22:20:14.177,-1.4772224426269531,0.3758896589279175,9.58668327331543
2026-09-13T22:20:17.216,-1.482010841369629,0.3447650372982025,9.572318077087402
2026-09-13T22:20:20.248,-1.4700398445129395,0.3663128614425659,9.584288597106934
2026-09-13T22:20:24.281,-1.4245500564575195,0.3208230137825012,9.574711799621582
2026-09-13T22:20:27.316,-1.4532804489135742,0.38307225704193115,9.56274127960205
2026-09-13T22:20:30.331,-1.4844050407409668,0.3471592366695404,9.593865394592285
2026-09-13T22:20:33.361,-1.41257905960083,0.15562310814857483,9.579500198364258
2026-09-13T22:20:36.389,-1.3862427473068237,0.1173158809542656,9.581894874572754
2026-09-13T22:20:39.421,-1.434126853942871,0.19153612852096558,9.560346603393555
2026-09-13T22:20:42.446,-1.4293384552001953,0.08619125932455063,9.581894874572754
2026-09-13T22:20:45.478,-1.2856862545013428,0.1173158809542656,9.615413665771484
2026-09-13T22:28:34.506,-0.9193734526634216,0.871489405632019,9.670479774475098
2026-09-13T22:28:37.541,-1.644816517829895,1.259350061416626,9.651326179504395
2026-09-13T22:28:40.559,0.2825157940387726,2.7054479122161865,9.715970039367676
2026-09-13T22:28:43.583,0.5363011956214905,2.1068975925445557,9.392752647399902
2026-09-13T22:28:46.611,-0.3208230137825012,1.7597382068634033,9.517251014709473
2026-09-13T22:28:49.642,-3.205836057662964,0.828393816947937,9.569923400878906
2026-09-13T22:28:52.688,-2.6839001178741455,0.4405331015586853,9.249100685119629
2026-09-13T22:28:55.707,-4.201824188232422,0.768538773059845,11.265018463134766
2026-09-13T22:28:58.738,-1.9512743949890137,1.7693150043487549,8.315361976623535
2026-09-13T22:29:01.758,-1.623268723487854,0.6392518281936646,9.3735990524292
2026-09-13T22:29:05.785,-0.19153612852096558,0.22026655077934265,9.186851501464844
2026-09-13T22:29:08.812,0.3734954595565796,2.011129379272461,9.634567260742188
2026-09-13T22:29:11.845,-3.292027235031128,9.086295127868652,9.074323654174805
2026-09-13T22:29:14.877,-2.846705913543701,9.613018989562988,-0.35673606395721436
2026-09-13T22:29:17.908,-2.875436305999756,9.356839179992676,0.22266076505184174
2026-09-13T22:29:20.922,-2.7317841053009033,9.507674217224121,0.38067805767059326
2026-09-13T22:29:23.953,-2.8395233154296875,9.256282806396484,0.3758896589279175
2026-09-13T22:29:26.972,-3.160346269607544,9.421483039855957,0.2753331959247589
2026-09-13T22:29:30.019,-2.9735984802246094,9.273042678833008,0.22744916379451752
2026-09-13T22:29:33.047,-2.846705913543701,9.56513500213623,0.26815059781074524
2026-09-13T22:29:36.069,-2.784456491470337,9.555558204650879,0.21308395266532898
2026-09-13T22:29:40.109,-2.9975404739379883,9.371204376220703,0.31842881441116333
2026-09-13T22:29:43.128,-2.8634653091430664,9.431059837341309,0.3519476354122162
2026-09-13T22:29:46.146,-2.8131868839263916,9.447818756103516,0.24899697303771973
2026-09-13T22:29:49.176,-3.0334534645080566,9.560346603393555,0.4596867263317108
2026-09-13T22:29:52.208,-2.964021682739258,9.299378395080566,0.14604631066322327
2026-09-13T22:29:55.231,-2.8179752826690674,9.342473983764648,0.08619125932455063
2026-09-13T22:29:58.269,-2.9975404739379883,9.44303035736084,0.08858546614646912
2026-09-13T22:30:01.287,-2.9041666984558105,9.435848236083984,-0.31124621629714966
2026-09-13T22:30:05.333,1.1348515748977661,0.40462008118629456,0.08140286058187485
2026-09-13T22:30:08.352,-1.0558429956436157,1.3742717504501343,12.076652526855469
2026-09-13T22:30:11.387,-0.7565677165985107,0.6105214357376099,9.397541046142578
2026-09-13T22:30:14.411,-1.1540051698684692,0.4405331015586853,9.71357536315918
2026-09-13T22:30:17.427,-1.161187767982483,0.5195417404174805,9.5316162109375
2026-09-13T22:30:20.462,-0.8020575642585754,0.5363011956214905,9.696816444396973
2026-09-13T22:30:25.521,-1.9919757843017578,0.8906430602073669,9.639355659484863
2026-09-13T22:30:28.554,-2.1092917919158936,0.8331822156906128,9.445425033569336
2026-09-13T22:30:31.571,-2.1140801906585693,0.9145850539207458,9.40951156616211
2026-09-13T22:30:34.603,-2.030282974243164,0.9983820915222168,9.478943824768066
2026-09-13T22:30:37.620,-2.097320795059204,1.0342950820922852,9.402329444885254
2026-09-13T22:30:40.639,-2.1475989818573,0.9792284965515137,9.416694641113281
2026-09-13T22:30:43.680,-2.2361843585968018,0.9600749015808105,9.359233856201172
2026-09-13T22:30:46.701,-2.209848165512085,0.9624691009521484,9.462183952331543
2026-09-13T22:30:49.728,-2.293645143508911,1.0582371950149536,9.380781173706055
2026-09-13T22:30:53.763,-2.3750481605529785,1.036689281463623,9.378387451171875
2026-09-13T22:30:56.792,-2.3295583724975586,1.0079588890075684,9.404723167419434
2026-09-13T22:30:59.824,-2.425326347351074,0.8259995579719543,9.35205078125
2026-09-13T22:31:02.856,-1.3263877630233765,0.3280056416988373,9.265859603881836
2026-09-13T22:31:05.890,-8.715193748474121,2.094926595687866,9.87159252166748
2026-09-13T22:31:08.903,-9.74709415435791,1.4317326545715332,4.271255970001221
2026-09-13T22:31:11.936,-8.784625053405762,0.6967126727104187,-1.2282254695892334
2026-09-13T22:31:14.942,-9.663297653198242,0.6344634294509888,-1.2521674633026123
2026-09-13T22:31:20.010,-9.651326179504395,0.6847416758537292,-1.280897855758667
2026-09-13T22:31:23.027,-9.605836868286133,0.7637503147125244,-1.3120225667953491
2026-09-13T22:31:26.045,-9.641749382019043,0.7445967197418213,-1.1635819673538208
2026-09-13T22:31:29.063,-9.550769805908203,0.8236053586006165,-1.3455413579940796
2026-09-13T22:31:32.100,-9.62020206451416,0.7637503147125244,-1.4987702369689941
2026-09-13T22:31:35.138,-9.567529678344727,0.8738836050033569,-1.359906554222107
2026-09-13T22:31:38.172,-9.584288597106934,0.9289502501487732,-1.4101848602294922
2026-09-13T22:31:41.217,-9.567529678344727,0.8164227604866028,-1.7070658206939697
2026-09-13T22:31:44.237,-9.610625267028809,0.9409212470054626,-1.4844050407409668
2026-09-13T22:31:47.279,-9.526827812194824,0.912190854549408,-1.601720929145813
2026-09-13T22:31:51.300,-9.581894874572754,0.9840168952941895,-1.6831238269805908
2026-09-13T22:31:54.336,-9.56274127960205,0.9409212470054626,-1.644816517829895
2026-09-13T22:31:57.379,-9.560346603393555,1.0031704902648926,-1.599326729774475
2026-09-13T22:32:00.416,-9.510068893432617,1.01753568649292,-1.7142484188079834
2026-09-13T22:32:03.449,-9.534010887145996,1.0007762908935547,-1.8483237028121948
2026-09-13T22:32:06.484,-9.560346603393555,1.070208191871643,-1.7094600200653076
2026-09-13T22:32:09.506,-9.524434089660645,1.0199298858642578,-1.7357962131500244
2026-09-13T22:32:12.538,-9.545981407165527,1.0678139925003052,-1.843535304069519
2026-09-13T22:32:15.569,-9.541193008422852,1.0127472877502441,-1.8100165128707886
2026-09-13T22:32:18.615,-9.522039413452148,1.0821791887283325,-1.86508309841156
2026-09-13T22:32:22.646,-9.524434089660645,1.0558429956436157,-1.889025092124939
2026-09-13T22:32:25.656,-9.469367027282715,1.0534487962722778,-1.8387469053268433
2026-09-13T22:32:28.678,-9.488520622253418,1.137245774269104,-1.8291701078414917
2026-09-13T22:32:31.711,-9.534010887145996,1.1252747774124146,-1.9273324012756348
2026-09-13T22:32:35.751,-9.545981407165527,1.1085153818130493,-1.843535304069519
2026-09-13T22:32:38.772,-9.488520622253418,1.0630255937576294,-1.9608511924743652
2026-09-13T22:32:41.808,-9.505280494689941,1.0869675874710083,-1.9991583824157715
2026-09-13T22:32:44.835,-9.534010887145996,0.9600749015808105,-1.8507179021835327
2026-09-13T22:32:47.865,-9.569923400878906,0.9313444495201111,-1.8195933103561401
2026-09-13T22:32:50.883,-9.62020206451416,1.1420341730117798,-1.9297266006469727
2026-09-13T22:32:53.900,-9.579500198364258,1.0271124839782715,-1.9129672050476074
2026-09-13T22:32:57.932,-9.512462615966797,1.0295066833496094,-1.821987509727478
2026-09-13T22:33:00.965,-9.47415542602539,1.0965443849563599,-1.9704279899597168
2026-09-13T22:33:03.994,-9.610625267028809,1.1252747774124146,-1.9081788063049316
2026-09-13T22:33:08.028,-9.356839179992676,1.01753568649292,-1.9153614044189453
2026-09-13T22:33:11.042,-9.47654914855957,1.1109095811843872,-1.941697597503662
2026-09-13T22:33:14.057,-9.40951156616211,1.1276689767837524,-1.9584569931030273
2026-09-13T22:33:18.101,-9.514857292175293,1.094150185585022,-2.032677173614502
2026-09-13T22:33:21.135,-9.507674217224121,1.161187767982483,-1.9943699836730957
2026-09-13T22:33:24.161,-9.375992774963379,1.0869675874710083,-1.944091796875
2026-09-13T22:33:29.184,-9.361627578735352,1.0989385843276978,-2.0853497982025146
2026-09-13T22:33:32.218,-9.455001831054688,1.1180921792984009,-2.056619167327881
2026-09-13T22:33:35.238,-9.524434089660645,1.161187767982483,-2.032677173614502
2026-09-13T22:33:38.265,-9.31613826751709,0.9265560507774353,-1.9967641830444336
2026-09-13T22:33:41.292,-9.402329444885254,0.9145850539207458,-1.867477297782898
2026-09-13T22:33:44.341,-9.56274127960205,1.3646949529647827,-2.073378562927246
2026-09-13T22:33:48.372,-9.426271438598633,1.0582371950149536,-2.0231003761291504
2026-09-13T22:33:51.403,-9.31853199005127,1.1659762859344482,-2.0254945755004883
2026-09-13T22:33:54.433,-9.534010887145996,1.1563993692398071,-1.922544002532959
2026-09-13T22:33:57.464,-9.572318077087402,1.0893617868423462,-2.0853497982025146
2026-09-13T22:34:00.491,-9.507674217224121,1.170764684677124,-1.8148049116134644
2026-09-13T22:34:03.522,-9.545981407165527,1.0773907899856567,-1.6496049165725708
2026-09-13T22:34:06.546,-9.486125946044922,1.0342950820922852,-1.7573440074920654
2026-09-13T22:34:09.592,-9.426271438598633,1.2186486721038818,-1.742978811264038
2026-09-13T22:34:13.621,-9.378387451171875,1.2090718746185303,-1.8626888990402222
2026-09-13T22:34:16.633,-9.526827812194824,1.1659762859344482,-1.764526605606079
2026-09-13T22:34:19.653,-9.519645690917969,1.1228805780410767,-1.9105730056762695
2026-09-13T22:34:22.674,-9.555558204650879,1.0606313943862915,-1.8531121015548706
2026-09-13T22:34:25.686,-9.577106475830078,1.1180921792984009,-1.7046716213226318
2026-09-13T22:34:28.732,-9.502885818481445,1.3048399686813354,-1.8531121015548706
2026-09-13T22:34:31.750,-9.507674217224121,1.173158884048462,-1.7884687185287476
2026-09-13T22:34:35.798,-9.354445457458496,1.2425906658172607,-1.8387469053268433
2026-09-13T22:34:38.829,-9.605836868286133,1.0965443849563599,-1.5921441316604614
2026-09-13T22:34:41.859,-9.490914344787598,1.1420341730117798,-1.702277421951294
2026-09-13T22:34:44.890,-9.500492095947266,1.1635819673538208,-1.721431016921997
2026-09-13T22:34:48.921,-9.52922248840332,1.2018892765045166,-1.6687586307525635
2026-09-13T22:34:51.938,-9.490914344787598,1.1635819673538208,-1.742978811264038
2026-09-13T22:34:54.955,-9.438241958618164,1.1827356815338135,-1.9129672050476074
2026-09-13T22:34:57.971,-9.184456825256348,1.2689268589019775,-1.9297266006469727
2026-09-13T22:35:00.997,-9.969755172729492,1.256955862045288,-1.900996208190918
2026-09-13T22:35:04.028,-9.567529678344727,1.1180921792984009,-1.5873557329177856
2026-09-13T22:35:07.064,-9.665691375732422,0.9672574996948242,-1.6208745241165161
2026-09-13T22:35:10.081,-9.557952880859375,1.036689281463623,-1.8100165128707886
2026-09-13T22:35:13.112,-9.452607154846191,1.1061211824417114,-1.656787633895874
2026-09-13T22:35:16.144,-9.493309020996094,1.158793568611145,-1.680729627609253
2026-09-13T22:35:20.175,-9.579500198364258,1.1324573755264282,-1.5682021379470825
2026-09-13T22:35:23.205,-9.569923400878906,1.1492167711257935,-1.7381904125213623
2026-09-13T22:35:26.237,-9.502885818481445,1.1803414821624756,-1.723825216293335
2026-09-13T22:35:29.259,-9.598653793334961,1.1348515748977661,-1.6041151285171509
2026-09-13T22:35:32.289,-9.52922248840332,1.161187767982483,-1.6950948238372803
2026-09-13T22:35:35.316,-9.601048469543457,1.170764684677124,-1.5514427423477173
2026-09-13T22:35:38.333,-9.433453559875488,1.1779472827911377,-1.6663644313812256
2026-09-13T22:35:41.379,-9.471760749816895,1.2425906658172607,-1.6639702320098877
2026-09-13T22:35:44.411,-9.49809741973877,1.192312479019165,-1.7094600200653076
2026-09-13T22:35:47.444,-9.519645690917969,1.1085153818130493,-1.6328455209732056
2026-09-13T22:35:50.473,-9.675268173217773,1.1803414821624756,-1.5658079385757446
2026-09-13T22:35:54.513,-9.488520622253418,1.2090718746185303,-1.6711528301239014
2026-09-13T22:35:57.537,-9.646537780761719,1.1994950771331787,-1.7262194156646729
2026-09-13T22:36:00.570,-9.603442192077637,1.1635819673538208,-1.8267759084701538
2026-09-13T22:36:03.621,-9.433453559875488,1.237802267074585,-1.4772224426269531
2026-09-13T22:36:06.648,-9.478943824768066,1.2617442607879639,-1.5921441316604614
2026-09-13T22:36:09.667,-9.500492095947266,1.235408067703247,-1.7357962131500244
2026-09-13T22:36:12.695,-9.510068893432617,1.2832920551300049,-1.4963760375976562
2026-09-13T22:36:15.714,-9.581894874572754,1.3000515699386597,-1.4460978507995605
2026-09-13T22:36:18.745,-9.514857292175293,1.3623007535934448,-1.6208745241165161
2026-09-13T22:36:21.774,-9.545981407165527,1.2617442607879639,-1.6280571222305298
2026-09-13T22:36:24.793,-9.522039413452148,1.338358759880066,-1.656787633895874
2026-09-13T22:36:28.825,-9.56513500213623,1.3215993642807007,-1.6424223184585571
2026-09-13T22:36:31.854,-9.265859603881836,1.3335703611373901,-1.8794482946395874
2026-09-13T22:36:34.902,-9.083900451660156,1.4077905416488647,-1.6903064250946045
2026-09-13T22:36:37.933,-9.572318077087402,1.3503297567367554,-1.403002142906189
2026-09-13T22:36:40.953,-9.397541046142578,1.357512354850769,-1.6184803247451782
2026-09-13T22:36:43.981,-9.572318077087402,1.3072341680526733,-1.5705963373184204
2026-09-13T22:36:46.998,-9.519645690917969,1.292868971824646,-1.6112977266311646
2026-09-13T22:36:50.030,-9.44303035736084,1.3479355573654175,-1.5610195398330688
2026-09-13T22:36:53.043,-9.380781173706055,1.3000515699386597,-1.7693150043487549
2026-09-13T22:36:56.061,-9.361627578735352,1.4293384552001953,-1.922544002532959
2026-09-13T22:36:59.092,-9.646537780761719,1.2210428714752197,-1.4317326545715332
2026-09-13T22:37:03.106,-9.538799285888672,1.403002142906189,-1.4844050407409668
2026-09-13T22:37:06.139,-9.517251014709473,1.3838485479354858,-1.4437036514282227
2026-09-13T22:37:10.168,-1.3000515699386597,1.7980455160140991,-1.8171991109848022
2026-09-13T22:37:13.201,-0.730231523513794,-0.0694318488240242,7.688080787658691
2026-09-13T22:37:16.238,-0.8188169598579407,-0.014365210197865963,9.62259578704834
2026-09-13T22:37:19.265,-1.3886369466781616,-0.47165772318840027,9.773430824279785
2026-09-13T22:37:22.293,-0.9528923034667969,1.5969325304031372,9.016862869262695
2026-09-13T22:37:27.326,-0.9672574996948242,1.6424223184585571,9.486125946044922
2026-09-13T22:37:30.359,-0.9696516990661621,1.6136919260025024,9.567529678344727
2026-09-13T22:37:34.393,-1.0055646896362305,1.647210717201233,9.522039413452148
2026-09-13T22:37:37.421,-1.01753568649292,1.656787633895874,9.493309020996094
2026-09-13T22:37:42.470,-1.0247182846069336,1.6974890232086182,9.505280494689941
2026-09-13T22:37:45.498,-1.0342950820922852,1.6519991159439087,9.507674217224121
2026-09-13T22:37:48.527,-1.0199298858642578,1.6352397203445435,9.447818756103516
2026-09-13T22:37:51.544,-1.0247182846069336,1.680729627609253,9.517251014709473
2026-09-13T22:37:54.569,-1.0223240852355957,1.6903064250946045,9.502885818481445
2026-09-13T22:37:58.595,-1.0558429956436157,1.6974890232086182,9.510068893432617
2026-09-13T22:38:01.627,-1.0462661981582642,1.7118542194366455,9.49809741973877
2026-09-13T22:38:05.674,-1.0223240852355957,1.678335428237915,9.510068893432617
2026-09-13T22:38:08.709,-1.039083480834961,1.7046716213226318,9.512462615966797
2026-09-13T22:38:11.736,-1.015141487121582,1.7094600200653076,9.519645690917969
2026-09-13T22:38:14.770,-1.0414776802062988,1.680729627609253,9.500492095947266
2026-09-13T22:38:17.789,-1.0247182846069336,1.7166426181793213,9.522039413452148
2026-09-13T22:38:20.816,-1.0295066833496094,1.6950948238372803,9.514857292175293
2026-09-13T22:38:23.849,-1.05105459690094,1.702277421951294,9.500492095947266
2026-09-13T22:38:26.862,-1.0630255937576294,1.721431016921997,9.49809741973877
2026-09-13T22:38:29.882,-1.039083480834961,1.7070658206939697,9.507674217224121
2026-09-13T22:38:32.907,-1.0342950820922852,1.6879122257232666,9.514857292175293
2026-09-13T22:38:36.948,-1.0462661981582642,1.6903064250946045,9.500492095947266
2026-09-13T22:38:39.993,-1.036689281463623,1.678335428237915,9.488520622253418
2026-09-13T22:38:43.023,-1.0462661981582642,1.6903064250946045,9.49809741973877
2026-09-13T22:38:46.039,-1.0031704902648926,1.7094600200653076,9.490914344787598
2026-09-13T22:38:49.053,-0.9983820915222168,1.7262194156646729,9.524434089660645
2026-09-13T22:38:52.084,-1.0319008827209473,1.702277421951294,9.538799285888672
2026-09-13T22:38:55.116,-1.0031704902648926,1.6974890232086182,9.510068893432617
2026-09-13T22:38:59.149,-0.9983820915222168,1.6759412288665771,9.550769805908203
2026-09-13T22:39:03.171,-1.0007762908935547,1.7094600200653076,9.500492095947266
2026-09-13T22:39:06.212,-1.0055646896362305,1.7166426181793213,9.505280494689941
2026-09-13T22:39:10.242,-0.9959878921508789,1.6950948238372803,9.510068893432617
2026-09-13T22:39:13.263,-1.0055646896362305,1.7094600200653076,9.502885818481445
2026-09-13T22:39:16.291,-1.0103530883789062,1.699883222579956,9.510068893432617
2026-09-13T22:39:19.320,-0.9864110946655273,1.702277421951294,9.500492095947266
2026-09-13T22:39:23.366,-0.9959878921508789,1.7166426181793213,9.510068893432617
2026-09-13T22:39:26.397,-0.993593692779541,1.7046716213226318,9.514857292175293
2026-09-13T22:39:29.400,-0.9816226959228516,1.723825216293335,9.490914344787598
2026-09-13T22:39:32.430,-0.9911994934082031,1.7142484188079834,9.510068893432617
2026-09-13T22:39:35.461,-1.0103530883789062,1.721431016921997,9.507674217224121
2026-09-13T22:39:38.495,-0.9888052940368652,1.7166426181793213,9.512462615966797
2026-09-13T22:39:41.565,-0.9983820915222168,1.723825216293335,9.490914344787598
2026-09-13T22:39:44.605,-1.0031704902648926,1.7094600200653076,9.49809741973877
2026-09-13T22:39:47.618,-1.0055646896362305,1.7286136150360107,9.488520622253418
2026-09-13T22:39:50.641,-1.0127472877502441,1.7118542194366455,9.500492095947266
2026-09-13T22:39:54.686,-1.0031704902648926,1.802833914756775,9.512462615966797
2026-09-13T22:39:57.714,-0.9983820915222168,1.7334020137786865,9.490914344787598
2026-09-13T22:40:00.741,-0.993593692779541,1.7118542194366455,9.519645690917969
2026-09-13T22:40:03.779,-1.0079588890075684,1.721431016921997,9.522039413452148
2026-09-13T22:40:06.799,-0.993593692779541,1.7286136150360107,9.507674217224121
2026-09-13T22:40:09.833,-0.9696516990661621,1.702277421951294,9.510068893432617
2026-09-13T22:40:12.857,-0.9576807022094727,1.7118542194366455,9.500492095947266
2026-09-13T22:40:15.875,-0.993593692779541,1.7070658206939697,9.510068893432617
2026-09-13T22:40:18.908,-0.9792284965515137,1.6950948238372803,9.514857292175293
2026-09-13T22:40:21.923,-0.9864110946655273,1.745373010635376,9.493309020996094
2026-09-13T22:40:25.949,-1.0103530883789062,1.702277421951294,9.459790229797363
2026-09-13T22:40:28.970,-1.0079588890075684,1.742978811264038,9.555558204650879
2026-09-13T22:40:32.009,-0.9792284965515137,1.7501614093780518,9.569923400878906
2026-09-13T22:40:35.047,-1.0127472877502441,1.802833914756775,9.462183952331543
2026-09-13T22:40:38.073,-1.048660397529602,1.745373010635376,9.548376083374023
2026-09-13T22:40:41.111,-0.9648633003234863,1.7190368175506592,9.5531644821167
2026-09-13T22:40:45.146,-1.0247182846069336,1.7884687185287476,9.493309020996094
2026-09-13T22:40:52.226,-0.9959878921508789,1.7118542194366455,9.500492095947266
2026-09-13T22:40:55.242,-0.9768342971801758,1.7262194156646729,9.483732223510742
2026-09-13T22:40:58.270,-0.9720458984375,1.742978811264038,9.524434089660645
2026-09-13T22:41:01.303,-1.0127472877502441,1.7094600200653076,9.52922248840332
2026-09-13T22:41:04.335,-1.0079588890075684,1.7142484188079834,9.483732223510742
2026-09-13T22:41:07.366,-0.9888052940368652,1.7262194156646729,9.517251014709473
2026-09-13T22:41:10.396,-1.0031704902648926,1.7094600200653076,9.493309020996094
2026-09-13T22:41:14.412,-1.0295066833496094,1.766920804977417,9.502885818481445
2026-09-13T22:41:17.428,-1.0127472877502441,1.7190368175506592,9.505280494689941
2026-09-13T22:41:20.444,-1.0031704902648926,1.7262194156646729,9.514857292175293
2026-09-13T22:41:26.511,-1.0055646896362305,1.723825216293335,9.517251014709473
2026-09-13T22:41:29.522,-1.01753568649292,1.7549498081207275,9.505280494689941
2026-09-13T22:41:32.553,-0.993593692779541,1.7286136150360107,9.52922248840332
2026-09-13T22:41:35.586,-0.9840168952941895,1.8267759084701538,9.534010887145996
2026-09-13T22:41:38.614,-1.0127472877502441,1.7405846118927002,9.510068893432617
2026-09-13T22:41:41.646,-1.0678139925003052,1.7501614093780518,9.514857292175293
2026-09-13T22:41:45.695,-1.0007762908935547,1.6831238269805908,9.47415542602539
2026-09-13T22:41:48.712,-0.993593692779541,1.7405846118927002,9.5316162109375
2026-09-13T22:41:51.742,-0.9911994934082031,1.7357962131500244,9.490914344787598
2026-09-13T22:41:54.761,-1.0007762908935547,1.7381904125213623,9.500492095947266
2026-09-13T22:41:57.804,-1.0127472877502441,1.7310078144073486,9.49809741973877
2026-09-13T22:42:00.822,-1.0055646896362305,1.7286136150360107,9.495702743530273
2026-09-13T22:42:03.853,-1.0007762908935547,1.721431016921997,9.512462615966797
2026-09-13T22:42:06.884,-1.015141487121582,1.723825216293335,9.495702743530273
2026-09-13T22:42:09.902,-1.0103530883789062,1.7357962131500244,9.514857292175293
2026-09-13T22:42:12.932,-1.01753568649292,1.7405846118927002,9.47654914855957
2026-09-13T22:42:15.949,-0.9864110946655273,1.7142484188079834,9.5316162109375
2026-09-13T22:42:19.996,-0.8930372595787048,1.7310078144073486,9.507674217224121
2026-09-13T22:42:23.030,-0.9600749015808105,1.8124107122421265,9.488520622253418
2026-09-13T22:42:26.059,-0.9816226959228516,1.7884687185287476,9.426271438598633
2026-09-13T22:42:29.075,-0.9672574996948242,1.7956513166427612,9.500492095947266
2026-09-13T22:42:35.126,-0.9265560507774353,1.8148049116134644,9.455001831054688
2026-09-13T22:42:38.153,-0.9624691009521484,1.8076223134994507,9.47654914855957
2026-09-13T22:42:41.175,-0.9457096457481384,1.7884687185287476,9.507674217224121
2026-09-13T22:42:44.200,-0.9648633003234863,1.8100165128707886,9.490914344787598
2026-09-13T22:42:47.232,-0.9481038451194763,1.800439715385437,9.462183952331543
2026-09-13T22:42:50.264,-0.9696516990661621,1.8148049116134644,9.486125946044922
2026-09-13T22:42:54.284,-0.9672574996948242,1.7980455160140991,9.495702743530273
2026-09-13T22:42:57.311,-0.9481038451194763,1.7956513166427612,9.49809741973877
2026-09-13T22:43:00.335,-0.9600749015808105,1.8052281141281128,9.483732223510742
2026-09-13T22:43:03.357,-0.9720458984375,1.802833914756775,9.500492095947266
2026-09-13T22:43:06.372,-0.9576807022094727,1.7812861204147339,9.490914344787598
2026-09-13T22:43:09.389,-0.9552865028381348,1.7860745191574097,9.505280494689941
2026-09-13T22:43:12.418,-0.9528923034667969,1.7932571172714233,9.488520622253418
2026-09-13T22:43:15.466,-0.9600749015808105,1.778891921043396,9.486125946044922
2026-09-13T22:43:18.484,-0.9576807022094727,1.8052281141281128,9.471760749816895
2026-09-13T22:43:21.493,-0.9481038451194763,1.8148049116134644,9.488520622253418
2026-09-13T22:43:24.510,-0.9600749015808105,1.800439715385437,9.493309020996094
2026-09-13T22:43:28.549,-0.9624691009521484,1.8076223134994507,9.486125946044922
2026-09-13T22:43:31.575,-0.9528923034667969,1.802833914756775,9.483732223510742
2026-09-13T22:43:34.592,-0.9768342971801758,1.800439715385437,9.486125946044922
2026-09-13T22:43:37.623,-1.0055646896362305,1.8100165128707886,9.481337547302246
2026-09-13T22:43:40.655,-0.9816226959228516,1.8171991109848022,9.49809741973877
2026-09-13T22:43:45.687,-0.9648633003234863,1.7884687185287476,9.550769805908203
2026-09-13T22:43:48.718,-0.9792284965515137,1.7908629179000854,9.495702743530273
2026-09-13T22:43:51.735,-0.9624691009521484,1.8100165128707886,9.488520622253418
2026-09-13T22:43:54.765,-0.9552865028381348,1.7932571172714233,9.495702743530273
2026-09-13T22:43:57.782,-0.9816226959228516,1.7836803197860718,9.502885818481445
2026-09-13T22:44:01.828,-0.9648633003234863,1.7597382068634033,9.445425033569336
2026-09-13T22:44:04.859,-0.9672574996948242,1.7884687185287476,9.481337547302246
2026-09-13T22:44:07.888,-0.9648633003234863,1.766920804977417,9.478943824768066
2026-09-13T22:44:10.907,-1.0007762908935547,1.8124107122421265,9.495702743530273
2026-09-13T22:44:13.939,-0.9864110946655273,1.7980455160140991,9.500492095947266
2026-09-13T22:44:16.954,-0.9648633003234863,1.8076223134994507,9.433453559875488
2026-09-13T22:44:19.986,-0.9720458984375,1.7980455160140991,9.471760749816895
2026-09-13T22:44:23.032,-0.9672574996948242,1.8076223134994507,9.466972351074219
2026-09-13T22:44:26.049,-1.0007762908935547,1.7956513166427612,9.469367027282715
2026-09-13T22:44:29.067,-0.9744400978088379,1.8100165128707886,9.483732223510742
2026-09-13T22:44:32.084,-0.9864110946655273,1.7908629179000854,9.495702743530273
2026-09-13T22:44:37.145,-0.9768342971801758,1.778891921043396,9.486125946044922
2026-09-13T22:44:40.162,-1.0055646896362305,1.7741034030914307,9.455001831054688
2026-09-13T22:44:43.191,-0.9696516990661621,1.7908629179000854,9.610625267028809
2026-09-13T22:44:46.211,-1.0007762908935547,1.8148049116134644,9.49809741973877
2026-09-13T22:44:49.237,-0.9983820915222168,1.7741034030914307,9.500492095947266
2026-09-13T22:44:52.272,-0.9768342971801758,1.821987509727478,9.47654914855957
2026-09-13T22:44:55.296,-0.9911994934082031,1.8100165128707886,9.478943824768066
2026-09-13T22:44:58.317,-0.9097966551780701,1.7884687185287476,9.512462615966797
2026-09-13T22:45:01.347,-0.993593692779541,1.8148049116134644,9.447818756103516
2026-09-13T22:45:04.367,-0.9744400978088379,1.7764976024627686,9.49809741973877
2026-09-13T22:45:08.395,-0.9624691009521484,1.8076223134994507,9.481337547302246
2026-09-13T22:45:11.412,-0.9816226959228516,1.8100165128707886,9.478943824768066
2026-09-13T22:45:15.444,-0.9911994934082031,1.7812861204147339,9.47654914855957
2026-09-13T22:45:18.472,-0.9888052940368652,1.7932571172714233,9.500492095947266
2026-09-13T22:45:21.504,-0.993593692779541,1.8100165128707886,9.47415542602539
2026-09-13T22:45:24.525,-0.9768342971801758,1.8076223134994507,9.517251014709473
2026-09-13T22:45:27.535,-0.9959878921508789,1.802833914756775,9.483732223510742
2026-09-13T22:45:30.551,-0.9792284965515137,1.7956513166427612,9.486125946044922
2026-09-13T22:45:33.585,-1.0079588890075684,1.7980455160140991,9.505280494689941
2026-09-13T22:45:37.612,-0.9959878921508789,1.7812861204147339,9.483732223510742
2026-09-13T22:45:40.629,-0.9840168952941895,1.8100165128707886,9.486125946044922
2026-09-13T22:45:43.660,-0.9864110946655273,1.8052281141281128,9.512462615966797
2026-09-13T22:45:46.691,-1.0031704902648926,1.778891921043396,9.524434089660645
2026-09-13T22:45:49.725,-0.9840168952941895,1.7836803197860718,9.483732223510742
2026-09-13T22:45:53.736,-0.993593692779541,1.7717092037200928,9.490914344787598
2026-09-13T22:45:56.768,-1.015141487121582,1.8076223134994507,9.469367027282715
2026-09-13T22:45:59.796,-0.9983820915222168,1.7980455160140991,9.466972351074219
2026-09-13T22:46:05.865,-0.9720458984375,1.8267759084701538,9.49809741973877
2026-09-13T22:46:09.891,-0.993593692779541,1.8195933103561401,9.47415542602539
2026-09-13T22:46:12.909,-0.9840168952941895,1.8267759084701538,9.510068893432617
2026-09-13T22:46:15.941,-0.9792284965515137,1.8148049116134644,9.500492095947266
2026-09-13T22:46:18.947,-0.9888052940368652,1.7741034030914307,9.478943824768066
2026-09-13T22:46:21.974,-0.9600749015808105,1.8148049116134644,9.495702743530273
2026-09-13T22:46:24.992,-0.9888052940368652,1.7908629179000854,9.505280494689941
2026-09-13T22:46:29.037,-1.0103530883789062,1.7884687185287476,9.500492095947266
2026-09-13T22:46:32.069,-1.0055646896362305,1.8267759084701538,9.483732223510742
2026-09-13T22:46:35.097,-1.0031704902648926,1.8315643072128296,9.47654914855957
2026-09-13T22:46:38.117,-1.0055646896362305,1.7884687185287476,9.435848236083984
2026-09-13T22:46:41.134,-1.0247182846069336,1.845929503440857,9.483732223510742
2026-09-13T22:46:44.149,-1.0103530883789062,1.7932571172714233,9.438241958618164
2026-09-13T22:46:47.180,-0.9959878921508789,1.821987509727478,9.493309020996094
2026-09-13T22:46:51.243,-0.9864110946655273,1.8291701078414917,9.455001831054688
2026-09-13T22:46:54.255,-1.0414776802062988,1.86508309841156,9.466972351074219
2026-09-13T22:46:57.289,-1.0199298858642578,1.9584569931030273,9.545981407165527
2026-09-13T22:47:01.338,-0.9888052940368652,1.845929503440857,9.471760749816895
2026-09-13T22:47:04.366,-1.070208191871643,1.8339585065841675,9.493309020996094
2026-09-13T22:47:07.376,-1.0127472877502441,1.764526605606079,9.459790229797363
2026-09-13T22:47:10.402,-1.05105459690094,1.8507179021835327,9.481337547302246
2026-09-13T22:47:14.433,-1.0534487962722778,1.8507179021835327,9.471760749816895
2026-09-13T22:47:17.451,-1.0271124839782715,1.9057846069335938,9.464578628540039
2026-09-13T22:47:20.471,-1.0007762908935547,1.8315643072128296,9.44303035736084
2026-09-13T22:47:23.495,-1.0271124839782715,1.8411411046981812,9.478943824768066
2026-09-13T22:47:26.521,-1.0199298858642578,1.8291701078414917,9.469367027282715
2026-09-13T22:47:29.551,-1.0271124839782715,1.8411411046981812,9.478943824768066
2026-09-13T22:47:35.619,-1.0319008827209473,1.8387469053268433,9.47415542602539
2026-09-13T22:47:38.623,-1.0223240852355957,1.8291701078414917,9.481337547302246
2026-09-13T22:47:41.663,-1.0007762908935547,1.8387469053268433,9.469367027282715
2026-09-13T22:47:44.692,-1.0055646896362305,1.843535304069519,9.483732223510742
2026-09-13T22:47:47.725,-1.048660397529602,1.86508309841156,9.459790229797363
2026-09-13T22:47:50.744,-1.0031704902648926,1.8842366933822632,9.507674217224121
2026-09-13T22:47:53.774,-1.0247182846069336,1.8507179021835327,9.47654914855957
2026-09-13T22:47:56.794,-1.0079588890075684,1.8483237028121948,9.502885818481445
2026-09-13T22:47:59.825,-0.9816226959228516,1.8339585065841675,9.483732223510742
2026-09-13T22:48:02.856,-1.048660397529602,1.824381709098816,9.462183952331543
2026-09-13T22:48:06.883,-1.0271124839782715,1.8770540952682495,9.486125946044922
2026-09-13T22:48:09.918,-1.0606313943862915,1.8507179021835327,9.49809741973877
2026-09-13T22:48:12.937,-1.05105459690094,1.7980455160140991,9.435848236083984
2026-09-13T22:48:15.954,-1.0319008827209473,1.843535304069519,9.481337547302246
2026-09-13T22:48:18.996,-1.05105459690094,1.8507179021835327,9.478943824768066
2026-09-13T22:48:22.012,-1.0199298858642578,1.8100165128707886,9.47415542602539
2026-09-13T22:48:26.037,-1.0462661981582642,1.8602946996688843,9.526827812194824
2026-09-13T22:48:29.056,-1.036689281463623,1.8076223134994507,9.488520622253418
2026-09-13T22:48:32.077,-1.0319008827209473,1.8555063009262085,9.466972351074219
2026-09-13T22:48:35.096,-1.0271124839782715,1.8363527059555054,9.47415542602539
2026-09-13T22:48:38.120,-1.0295066833496094,1.845929503440857,9.490914344787598
2026-09-13T22:48:42.168,-1.036689281463623,1.8531121015548706,9.469367027282715
2026-09-13T22:48:45.189,-1.0247182846069336,1.8483237028121948,9.47415542602539
2026-09-13T22:48:48.231,-1.0462661981582642,1.8507179021835327,9.550769805908203
2026-09-13T22:48:51.262,-1.0749965906143188,1.8602946996688843,9.455001831054688
2026-09-13T22:48:54.288,-1.0127472877502441,1.843535304069519,9.466972351074219
2026-09-13T22:48:57.297,-1.036689281463623,1.8626888990402222,9.462183952331543
2026-09-13T22:49:00.311,-1.0558429956436157,1.8770540952682495,9.490914344787598
2026-09-13T22:49:03.342,-1.0582371950149536,1.8555063009262085,9.481337547302246
2026-09-13T22:49:06.374,-1.039083480834961,1.8291701078414917,9.488520622253418
2026-09-13T22:49:09.405,-1.0342950820922852,1.8579005002975464,9.455001831054688
2026-09-13T22:49:12.436,-1.05105459690094,1.742978811264038,9.426271438598633
2026-09-13T22:49:16.487,-1.0223240852355957,1.86508309841156,9.483732223510742
2026-09-13T22:49:19.531,-1.015141487121582,1.824381709098816,9.459790229797363
2026-09-13T22:49:22.554,-1.0199298858642578,1.8148049116134644,9.550769805908203
2026-09-13T22:49:25.579,-1.0606313943862915,1.8411411046981812,9.459790229797363
2026-09-13T22:49:30.629,-1.0845733880996704,1.8698714971542358,9.481337547302246
2026-09-13T22:49:33.660,-1.0606313943862915,1.824381709098816,9.445425033569336
2026-09-13T22:49:37.695,-1.0534487962722778,1.8483237028121948,9.47415542602539
2026-09-13T22:49:40.722,-1.0654197931289673,1.8794482946395874,9.493309020996094
2026-09-13T22:49:43.752,-0.9864110946655273,1.9632453918457031,9.505280494689941
2026-09-13T22:49:46.772,-1.0869675874710083,1.8602946996688843,9.47415542602539
2026-09-13T22:49:49.801,-1.0606313943862915,1.9345149993896484,9.464578628540039
2026-09-13T22:49:52.846,-1.094150185585022,1.8794482946395874,9.44303035736084
2026-09-13T22:49:55.879,-1.0869675874710083,1.8315643072128296,9.44063663482666
2026-09-13T22:49:58.906,-1.1037269830703735,1.9129672050476074,9.478943824768066
2026-09-13T22:50:01.933,-1.0869675874710083,1.86508309841156,9.44063663482666
2026-09-13T22:50:04.961,-1.0773907899856567,1.8842366933822632,9.445425033569336
2026-09-13T22:50:09.004,-1.1037269830703735,1.867477297782898,9.452607154846191
2026-09-13T22:50:12.024,-1.0773907899856567,1.8746598958969116,9.471760749816895
2026-09-13T22:50:15.055,-1.115697979927063,1.8507179021835327,9.452607154846191
2026-09-13T22:50:18.075,-1.1061211824417114,1.8818424940109253,9.462183952331543
2026-09-13T22:50:21.094,-1.1563993692398071,1.9560627937316895,9.459790229797363
2026-09-13T22:50:24.129,-1.1109095811843872,1.843535304069519,9.450213432312012
2026-09-13T22:50:27.155,-1.1252747774124146,1.8698714971542358,9.47415542602539
2026-09-13T22:50:30.182,-1.091755986213684,1.8794482946395874,9.464578628540039
2026-09-13T22:50:33.202,-1.048660397529602,1.8483237028121948,9.500492095947266
2026-09-13T22:50:37.246,-1.0534487962722778,1.8746598958969116,9.462183952331543
2026-09-13T22:50:41.282,-1.01753568649292,1.843535304069519,9.471760749816895
2026-09-13T22:50:44.306,-1.0414776802062988,1.821987509727478,9.466972351074219
2026-09-13T22:50:47.323,-1.072602391242981,1.8579005002975464,9.488520622253418
2026-09-13T22:50:50.342,-1.048660397529602,1.867477297782898,9.47415542602539
2026-09-13T22:50:53.369,-1.070208191871643,1.843535304069519,9.47654914855957
2026-09-13T22:50:58.417,-1.0773907899856567,1.8339585065841675,9.505280494689941
2026-09-13T22:51:01.449,-1.0247182846069336,1.8267759084701538,9.459790229797363
2026-09-13T22:51:04.481,-1.0271124839782715,1.8507179021835327,9.47415542602539
2026-09-13T22:51:07.513,-1.0414776802062988,1.86508309841156,9.455001831054688
2026-09-13T22:51:10.545,-1.0271124839782715,1.8602946996688843,9.457395553588867
2026-09-13T22:51:14.562,-1.0342950820922852,1.821987509727478,9.455001831054688
2026-09-13T22:51:17.575,-1.0534487962722778,1.8842366933822632,9.517251014709473
2026-09-13T22:51:20.605,-1.048660397529602,1.8387469053268433,9.49809741973877
2026-09-13T22:51:23.639,-1.0414776802062988,1.8722656965255737,9.455001831054688
2026-09-13T22:51:28.698,-1.070208191871643,1.8555063009262085,9.47415542602539
2026-09-13T22:51:31.734,-1.0534487962722778,1.8579005002975464,9.452607154846191
2026-09-13T22:51:34.764,-1.0414776802062988,1.8531121015548706,9.466972351074219
2026-09-13T22:51:37.781,-1.0606313943862915,1.9177556037902832,9.431059837341309
2026-09-13T22:51:40.812,-1.05105459690094,1.86508309841156,9.438241958618164
2026-09-13T22:51:43.843,-1.0558429956436157,1.8818424940109253,9.469367027282715
2026-09-13T22:51:47.775,-1.0414776802062988,1.8914192914962769,9.47654914855957
2026-09-13T22:51:50.807,-1.0630255937576294,1.8483237028121948,9.455001831054688
